tfbh,name,ename,is_current,begin_time,end_time,land,time,lng,lat,strong,power,speed,move_dir,move_speed,pressure,radius7,radius10,remark,forecast
194501,-,-,0,1945-04-19T12:00:00,1945-04-26T12:00:00,[],1945-04-19T12:00:00,160.3,9.5,热带低压(TD),6,12,,,,,,,
194501,-,-,0,1945-04-19T12:00:00,1945-04-26T12:00:00,[],1945-04-19T18:00:00,159.9,9.6,热带低压(TD),7,15,,,,,,,
194501,-,-,0,1945-04-19T12:00:00,1945-04-26T12:00:00,[],1945-04-20T00:00:00,159.7,9.6,热带低压(TD),7,17,,,,,,,
194501,-,-,0,1945-04-19T12:00:00,1945-04-26T12:00:00,[],1945-04-20T06:00:00,159.3,9.7,热带风暴(TS),8,20,,,,,,,
194501,-,-,0,1945-04-19T12:00:00,1945-04-26T12:00:00,[],1945-04-20T12:00:00,158.8,9.8,热带风暴(TS),9,23,,,,,,,
194501,-,-,0,1945-04-19T12:00:00,1945-04-26T12:00:00,[],1945-04-20T18:00:00,158.3,9.8,热带风暴(TS),9,23,,,,,,,
194501,-,-,0,1945-04-19T12:00:00,1945-04-26T12:00:00,[],1945-04-21T00:00:00,157.9,9.8,强热带风暴(STS),10,25,,,,,,,
194501,-,-,0,1945-04-19T12:00:00,1945-04-26T12:00:00,[],1945-04-21T06:00:00,157.4,9.9,强热带风暴(STS),10,25,,,,,,,
194501,-,-,0,1945-04-19T12:00:00,1945-04-26T12:00:00,[],1945-04-21T12:00:00,157.0,10.0,强热带风暴(STS),10,25,,,,,,,
194501,-,-,0,1945-04-19T12:00:00,1945-04-26T12:00:00,[],1945-04-21T18:00:00,156.5,10.0,热带风暴(TS),8,20,,,,,,,
194501,-,-,0,1945-04-19T12:00:00,1945-04-26T12:00:00,[],1945-04-22T00:00:00,155.8,10.1,热带风暴(TS),8,20,,,,,,,
194501,-,-,0,1945-04-19T12:00:00,1945-04-26T12:00:00,[],1945-04-22T06:00:00,155.1,10.2,热带低压(TD),7,17,,,,,,,
194501,-,-,0,1945-04-19T12:00:00,1945-04-26T12:00:00,[],1945-04-22T12:00:00,154.5,10.2,热带低压(TD),7,17,,,,,,,
194501,-,-,0,1945-04-19T12:00:00,1945-04-26T12:00:00,[],1945-04-22T18:00:00,154.2,10.3,热带低压(TD),7,17,,,,,,,
194501,-,-,0,1945-04-19T12:00:00,1945-04-26T12:00:00,[],1945-04-23T00:00:00,153.8,10.4,热带低压(TD),7,17,,,,,,,
194501,-,-,0,1945-04-19T12:00:00,1945-04-26T12:00:00,[],1945-04-23T06:00:00,153.4,10.5,热带低压(TD),7,15,,,,,,,
194501,-,-,0,1945-04-19T12:00:00,1945-04-26T12:00:00,[],1945-04-23T12:00:00,153.0,10.6,热带低压(TD),7,15,,,,,,,
194501,-,-,0,1945-04-19T12:00:00,1945-04-26T12:00:00,[],1945-04-23T18:00:00,152.4,11.0,热带低压(TD),7,15,,,,,,,
194501,-,-,0,1945-04-19T12:00:00,1945-04-26T12:00:00,[],1945-04-24T00:00:00,152.0,11.2,热带低压(TD),7,15,,,,,,,
194501,-,-,0,1945-04-19T12:00:00,1945-04-26T12:00:00,[],1945-04-24T06:00:00,151.5,11.6,热带低压(TD),7,15,,,,,,,
194501,-,-,0,1945-04-19T12:00:00,1945-04-26T12:00:00,[],1945-04-24T12:00:00,151.0,12.0,热带低压(TD),7,15,,,,,,,
194501,-,-,0,1945-04-19T12:00:00,1945-04-26T12:00:00,[],1945-04-24T18:00:00,150.6,12.7,热带低压(TD),7,15,,,,,,,
194501,-,-,0,1945-04-19T12:00:00,1945-04-26T12:00:00,[],1945-04-25T00:00:00,150.2,13.3,热带低压(TD),7,15,,,,,,,
194501,-,-,0,1945-04-19T12:00:00,1945-04-26T12:00:00,[],1945-04-25T06:00:00,149.8,13.9,热带低压(TD),6,12,,,,,,,
194501,-,-,0,1945-04-19T12:00:00,1945-04-26T12:00:00,[],1945-04-25T12:00:00,149.5,14.5,热带低压(TD),6,12,,,,,,,
194501,-,-,0,1945-04-19T12:00:00,1945-04-26T12:00:00,[],1945-04-25T18:00:00,149.3,15.1,热带低压(TD),6,12,,,,,,,
194501,-,-,0,1945-04-19T12:00:00,1945-04-26T12:00:00,[],1945-04-26T00:00:00,149.2,15.8,热带低压(TD),6,12,,,,,,,
194501,-,-,0,1945-04-19T12:00:00,1945-04-26T12:00:00,[],1945-04-26T06:00:00,149.1,16.4,,5,10,,,,,,,
194501,-,-,0,1945-04-19T12:00:00,1945-04-26T12:00:00,[],1945-04-26T12:00:00,149.0,17.0,,5,10,,,,,,,
194502,-,-,0,1945-05-13T12:00:00,1945-05-16T12:00:00,[],1945-05-13T12:00:00,136.0,19.0,,5,10,,,,,,,
194502,-,-,0,1945-05-13T12:00:00,1945-05-16T12:00:00,[],1945-05-13T18:00:00,136.8,19.8,热带低压(TD),6,12,,,,,,,
194502,-,-,0,1945-05-13T12:00:00,1945-05-16T12:00:00,[],1945-05-14T00:00:00,137.4,20.4,热带低压(TD),7,15,,,,,,,
194502,-,-,0,1945-05-13T12:00:00,1945-05-16T12:00:00,[],1945-05-14T06:00:00,138.2,21.3,热带低压(TD),7,17,,,,,,,
194502,-,-,0,1945-05-13T12:00:00,1945-05-16T12:00:00,[],1945-05-14T12:00:00,139.0,22.0,热带风暴(TS),8,20,,,,,,,
194502,-,-,0,1945-05-13T12:00:00,1945-05-16T12:00:00,[],1945-05-14T18:00:00,139.8,23.0,强热带风暴(STS),10,25,,,,,,,
194502,-,-,0,1945-05-13T12:00:00,1945-05-16T12:00:00,[],1945-05-15T00:00:00,140.5,24.0,强热带风暴(STS),10,28,,,,,,,
194502,-,-,0,1945-05-13T12:00:00,1945-05-16T12:00:00,[],1945-05-15T06:00:00,141.9,25.6,强热带风暴(STS),10,25,,,,,,,
194502,-,-,0,1945-05-13T12:00:00,1945-05-16T12:00:00,[],1945-05-15T12:00:00,143.0,27.0,热带风暴(TS),8,20,,,,,,,
194502,-,-,0,1945-05-13T12:00:00,1945-05-16T12:00:00,[],1945-05-15T18:00:00,144.4,28.0,热带低压(TD),7,17,,,,,,,
194502,-,-,0,1945-05-13T12:00:00,1945-05-16T12:00:00,[],1945-05-16T00:00:00,145.8,29.1,热带低压(TD),7,15,,,,,,,
194502,-,-,0,1945-05-13T12:00:00,1945-05-16T12:00:00,[],1945-05-16T06:00:00,147.2,30.0,热带低压(TD),7,15,,,,,,,
194502,-,-,0,1945-05-13T12:00:00,1945-05-16T12:00:00,[],1945-05-16T12:00:00,148.5,31.0,热带低压(TD),6,12,,,,,,,
194503,-,-,0,1945-06-01T12:00:00,1945-06-07T12:00:00,[],1945-06-01T12:00:00,133.0,11.3,热带低压(TD),7,15,,,,,,,
194503,-,-,0,1945-06-01T12:00:00,1945-06-07T12:00:00,[],1945-06-01T18:00:00,132.0,11.8,热带低压(TD),7,15,,,,,,,
194503,-,-,0,1945-06-01T12:00:00,1945-06-07T12:00:00,[],1945-06-02T00:00:00,131.3,12.1,热带低压(TD),7,15,,,,,,,
194503,-,-,0,1945-06-01T12:00:00,1945-06-07T12:00:00,[],1945-06-02T06:00:00,130.4,12.5,热带低压(TD),7,15,,,,,,,
194503,-,-,0,1945-06-01T12:00:00,1945-06-07T12:00:00,[],1945-06-02T12:00:00,129.5,13.0,热带低压(TD),7,15,,,,,,,
194503,-,-,0,1945-06-01T12:00:00,1945-06-07T12:00:00,[],1945-06-02T18:00:00,129.3,14.0,热带低压(TD),7,15,,,,,,,
194503,-,-,0,1945-06-01T12:00:00,1945-06-07T12:00:00,[],1945-06-03T00:00:00,129.2,15.0,热带低压(TD),7,17,,,,,,,
194503,-,-,0,1945-06-01T12:00:00,1945-06-07T12:00:00,[],1945-06-03T06:00:00,129.1,16.0,热带低压(TD),7,17,,,,,,,
194503,-,-,0,1945-06-01T12:00:00,1945-06-07T12:00:00,[],1945-06-03T12:00:00,129.0,17.0,热带低压(TD),7,17,,,,,,,
194503,-,-,0,1945-06-01T12:00:00,1945-06-07T12:00:00,[],1945-06-03T18:00:00,129.4,18.2,热带低压(TD),7,17,,,,,,,
194503,-,-,0,1945-06-01T12:00:00,1945-06-07T12:00:00,[],1945-06-04T00:00:00,130.0,19.4,热带风暴(TS),8,20,,,,,,,
194503,-,-,0,1945-06-01T12:00:00,1945-06-07T12:00:00,[],1945-06-04T06:00:00,130.4,20.4,热带风暴(TS),8,20,,,,,,,
194503,-,-,0,1945-06-01T12:00:00,1945-06-07T12:00:00,[],1945-06-04T12:00:00,131.0,21.5,热带风暴(TS),8,20,,,,,,,
194503,-,-,0,1945-06-01T12:00:00,1945-06-07T12:00:00,[],1945-06-04T18:00:00,132.0,23.0,热带风暴(TS),8,20,,,,,,,
194503,-,-,0,1945-06-01T12:00:00,1945-06-07T12:00:00,[],1945-06-05T00:00:00,133.3,24.3,热带风暴(TS),9,23,,,,,,,
194503,-,-,0,1945-06-01T12:00:00,1945-06-07T12:00:00,[],1945-06-05T06:00:00,134.7,25.7,强热带风暴(STS),10,25,,,,,,,
194503,-,-,0,1945-06-01T12:00:00,1945-06-07T12:00:00,[],1945-06-05T12:00:00,136.0,27.0,强热带风暴(STS),11,30,,,,,,,
194503,-,-,0,1945-06-01T12:00:00,1945-06-07T12:00:00,[],1945-06-05T18:00:00,137.6,28.0,台风(TY),12,35,,,,,,,
194503,-,-,0,1945-06-01T12:00:00,1945-06-07T12:00:00,[],1945-06-06T00:00:00,139.0,29.0,台风(TY),12,35,,,,,,,
194503,-,-,0,1945-06-01T12:00:00,1945-06-07T12:00:00,[],1945-06-06T06:00:00,140.5,30.0,强热带风暴(STS),11,30,,,,,,,
194503,-,-,0,1945-06-01T12:00:00,1945-06-07T12:00:00,[],1945-06-06T12:00:00,142.0,31.0,强热带风暴(STS),10,28,,,,,,,
194503,-,-,0,1945-06-01T12:00:00,1945-06-07T12:00:00,[],1945-06-06T18:00:00,143.9,31.5,强热带风暴(STS),10,25,,,,,,,
194503,-,-,0,1945-06-01T12:00:00,1945-06-07T12:00:00,[],1945-06-07T00:00:00,145.7,32.0,热带风暴(TS),8,20,,,,,,,
194503,-,-,0,1945-06-01T12:00:00,1945-06-07T12:00:00,[],1945-06-07T06:00:00,147.3,32.6,热带低压(TD),7,17,,,,,,,
194503,-,-,0,1945-06-01T12:00:00,1945-06-07T12:00:00,[],1945-06-07T12:00:00,149.0,33.0,热带低压(TD),7,15,,,,,,,
194504,-,-,0,1945-06-18T12:00:00,1945-06-21T12:00:00,[],1945-06-18T12:00:00,134.0,13.0,热带低压(TD),7,15,,,,,,,
194504,-,-,0,1945-06-18T12:00:00,1945-06-21T12:00:00,[],1945-06-18T18:00:00,134.4,14.0,热带风暴(TS),8,20,,,,,,,
194504,-,-,0,1945-06-18T12:00:00,1945-06-21T12:00:00,[],1945-06-19T00:00:00,134.9,15.0,热带风暴(TS),9,23,,,,,,,
194504,-,-,0,1945-06-18T12:00:00,1945-06-21T12:00:00,[],1945-06-19T06:00:00,135.5,16.0,热带风暴(TS),8,20,,,,,,,
194504,-,-,0,1945-06-18T12:00:00,1945-06-21T12:00:00,[],1945-06-19T12:00:00,136.0,17.0,热带低压(TD),7,17,,,,,,,
194504,-,-,0,1945-06-18T12:00:00,1945-06-21T12:00:00,[],1945-06-19T18:00:00,136.2,18.2,热带低压(TD),7,17,,,,,,,
194504,-,-,0,1945-06-18T12:00:00,1945-06-21T12:00:00,[],1945-06-20T00:00:00,136.5,19.3,热带低压(TD),7,17,,,,,,,
194504,-,-,0,1945-06-18T12:00:00,1945-06-21T12:00:00,[],1945-06-20T06:00:00,136.7,20.4,热带低压(TD),7,17,,,,,,,
194504,-,-,0,1945-06-18T12:00:00,1945-06-21T12:00:00,[],1945-06-20T12:00:00,137.0,21.5,热带风暴(TS),8,20,,,,,,,
194504,-,-,0,1945-06-18T12:00:00,1945-06-21T12:00:00,[],1945-06-20T18:00:00,138.5,22.7,热带风暴(TS),8,20,,,,,,,
194504,-,-,0,1945-06-18T12:00:00,1945-06-21T12:00:00,[],1945-06-21T00:00:00,140.0,23.8,热带低压(TD),7,17,,,,,,,
194504,-,-,0,1945-06-18T12:00:00,1945-06-21T12:00:00,[],1945-06-21T06:00:00,141.5,24.9,热带低压(TD),7,17,,,,,,,
194504,-,-,0,1945-06-18T12:00:00,1945-06-21T12:00:00,[],1945-06-21T12:00:00,143.0,26.0,热带低压(TD),7,17,,,,,,,
194505,-,-,0,1945-07-03T12:00:00,1945-07-08T06:00:00,[],1945-07-03T12:00:00,113.1,14.2,,5,10,,,,,,,
194505,-,-,0,1945-07-03T12:00:00,1945-07-08T06:00:00,[],1945-07-03T18:00:00,113.4,14.5,,5,10,,,,,,,
194505,-,-,0,1945-07-03T12:00:00,1945-07-08T06:00:00,[],1945-07-04T00:00:00,113.7,14.8,,5,10,,,,,,,
194505,-,-,0,1945-07-03T12:00:00,1945-07-08T06:00:00,[],1945-07-04T06:00:00,113.9,15.2,,5,10,,,,,,,
194505,-,-,0,1945-07-03T12:00:00,1945-07-08T06:00:00,[],1945-07-04T12:00:00,114.3,15.5,,5,10,,,,,,,
194505,-,-,0,1945-07-03T12:00:00,1945-07-08T06:00:00,[],1945-07-04T18:00:00,114.4,16.0,,5,10,,,,,,,
194505,-,-,0,1945-07-03T12:00:00,1945-07-08T06:00:00,[],1945-07-05T00:00:00,114.7,16.4,,5,10,,,,,,,
194505,-,-,0,1945-07-03T12:00:00,1945-07-08T06:00:00,[],1945-07-05T06:00:00,115.0,16.8,热带低压(TD),7,15,,,,,,,
194505,-,-,0,1945-07-03T12:00:00,1945-07-08T06:00:00,[],1945-07-05T12:00:00,115.3,17.3,热带低压(TD),7,15,,,,,,,
194505,-,-,0,1945-07-03T12:00:00,1945-07-08T06:00:00,[],1945-07-05T18:00:00,115.4,17.9,热带低压(TD),7,15,,,,,,,
194505,-,-,0,1945-07-03T12:00:00,1945-07-08T06:00:00,[],1945-07-06T00:00:00,115.5,18.5,热带低压(TD),7,17,,,,,,,
194505,-,-,0,1945-07-03T12:00:00,1945-07-08T06:00:00,[],1945-07-06T06:00:00,115.5,19.0,热带低压(TD),7,17,,,,,,,
194505,-,-,0,1945-07-03T12:00:00,1945-07-08T06:00:00,[],1945-07-06T12:00:00,115.4,19.6,热带低压(TD),7,17,,,,,,,
194505,-,-,0,1945-07-03T12:00:00,1945-07-08T06:00:00,[],1945-07-06T18:00:00,114.9,20.2,热带风暴(TS),8,20,,,,,,,
194505,-,-,0,1945-07-03T12:00:00,1945-07-08T06:00:00,[],1945-07-07T00:00:00,114.4,20.7,强热带风暴(STS),10,25,,,,,,,
194505,-,-,0,1945-07-03T12:00:00,1945-07-08T06:00:00,[],1945-07-07T06:00:00,114.0,21.2,热带风暴(TS),9,23,,,,,,,
194505,-,-,0,1945-07-03T12:00:00,1945-07-08T06:00:00,[],1945-07-07T12:00:00,113.4,21.5,热带风暴(TS),8,20,,,,,,,
194505,-,-,0,1945-07-03T12:00:00,1945-07-08T06:00:00,[],1945-07-07T18:00:00,112.8,22.1,热带风暴(TS),8,20,,,,,,,
194505,-,-,0,1945-07-03T12:00:00,1945-07-08T06:00:00,[],1945-07-08T00:00:00,112.3,22.6,热带低压(TD),7,17,,,,,,,
194505,-,-,0,1945-07-03T12:00:00,1945-07-08T06:00:00,[],1945-07-08T06:00:00,111.6,23.2,热带低压(TD),7,17,,,,,,,
194506,-,-,0,1945-07-14T12:00:00,1945-07-22T00:00:00,[],1945-07-14T12:00:00,132.6,9.3,,5,10,,,,,,,
194506,-,-,0,1945-07-14T12:00:00,1945-07-22T00:00:00,[],1945-07-14T18:00:00,131.9,10.0,,5,10,,,,,,,
194506,-,-,0,1945-07-14T12:00:00,1945-07-22T00:00:00,[],1945-07-15T00:00:00,131.3,10.6,,5,10,,,,,,,
194506,-,-,0,1945-07-14T12:00:00,1945-07-22T00:00:00,[],1945-07-15T06:00:00,130.7,11.3,,5,10,,,,,,,
194506,-,-,0,1945-07-14T12:00:00,1945-07-22T00:00:00,[],1945-07-15T12:00:00,130.0,12.2,,5,10,,,,,,,
194506,-,-,0,1945-07-14T12:00:00,1945-07-22T00:00:00,[],1945-07-15T18:00:00,129.4,13.0,,5,10,,,,,,,
194506,-,-,0,1945-07-14T12:00:00,1945-07-22T00:00:00,[],1945-07-16T00:00:00,128.8,13.6,,5,10,,,,,,,
194506,-,-,0,1945-07-14T12:00:00,1945-07-22T00:00:00,[],1945-07-16T06:00:00,128.2,14.3,热带低压(TD),7,15,,,,,,,
194506,-,-,0,1945-07-14T12:00:00,1945-07-22T00:00:00,[],1945-07-16T12:00:00,127.6,14.9,热带风暴(TS),9,23,,,,,,,
194506,-,-,0,1945-07-14T12:00:00,1945-07-22T00:00:00,[],1945-07-16T18:00:00,127.1,15.4,热带风暴(TS),9,23,,,,,,,
194506,-,-,0,1945-07-14T12:00:00,1945-07-22T00:00:00,[],1945-07-17T00:00:00,126.7,16.1,热带风暴(TS),8,20,,,,,,,
194506,-,-,0,1945-07-14T12:00:00,1945-07-22T00:00:00,[],1945-07-17T06:00:00,126.0,17.0,热带低压(TD),7,17,,,,,,,
194506,-,-,0,1945-07-14T12:00:00,1945-07-22T00:00:00,[],1945-07-17T12:00:00,125.6,18.0,热带低压(TD),7,17,,,,,,,
194506,-,-,0,1945-07-14T12:00:00,1945-07-22T00:00:00,[],1945-07-17T18:00:00,125.1,19.1,热带风暴(TS),9,23,,,,,,,
194506,-,-,0,1945-07-14T12:00:00,1945-07-22T00:00:00,[],1945-07-18T00:00:00,125.1,20.0,强热带风暴(STS),10,25,,,,,,,
194506,-,-,0,1945-07-14T12:00:00,1945-07-22T00:00:00,[],1945-07-18T06:00:00,125.1,21.1,强热带风暴(STS),10,25,,,,,,,
194506,-,-,0,1945-07-14T12:00:00,1945-07-22T00:00:00,[],1945-07-18T12:00:00,125.2,22.1,强热带风暴(STS),10,28,,,,,,,
194506,-,-,0,1945-07-14T12:00:00,1945-07-22T00:00:00,[],1945-07-18T18:00:00,125.3,23.1,强热带风暴(STS),10,28,,,,,,,
194506,-,-,0,1945-07-14T12:00:00,1945-07-22T00:00:00,[],1945-07-19T00:00:00,125.7,24.1,强热带风暴(STS),10,28,,,,,,,
194506,-,-,0,1945-07-14T12:00:00,1945-07-22T00:00:00,[],1945-07-19T06:00:00,126.1,25.0,强热带风暴(STS),11,30,,,,,,,
194506,-,-,0,1945-07-14T12:00:00,1945-07-22T00:00:00,[],1945-07-19T12:00:00,126.6,26.0,台风(TY),12,33,,,,,,,
194506,-,-,0,1945-07-14T12:00:00,1945-07-22T00:00:00,[],1945-07-19T18:00:00,127.1,27.0,台风(TY),12,33,,,,,,,
194506,-,-,0,1945-07-14T12:00:00,1945-07-22T00:00:00,[],1945-07-20T00:00:00,127.8,28.0,台风(TY),12,33,,,,,,,
194506,-,-,0,1945-07-14T12:00:00,1945-07-22T00:00:00,[],1945-07-20T06:00:00,129.0,29.4,台风(TY),12,33,,,,,,,
194506,-,-,0,1945-07-14T12:00:00,1945-07-22T00:00:00,[],1945-07-20T12:00:00,131.6,31.3,强热带风暴(STS),11,30,,,,,,,
194506,-,-,0,1945-07-14T12:00:00,1945-07-22T00:00:00,[],1945-07-20T18:00:00,134.2,32.7,强热带风暴(STS),10,28,,,,,,,
194506,-,-,0,1945-07-14T12:00:00,1945-07-22T00:00:00,[],1945-07-21T00:00:00,137.5,33.5,强热带风暴(STS),10,25,,,,,,,
194506,-,-,0,1945-07-14T12:00:00,1945-07-22T00:00:00,[],1945-07-21T06:00:00,140.6,33.8,热带风暴(TS),8,20,,,,,,,
194506,-,-,0,1945-07-14T12:00:00,1945-07-22T00:00:00,[],1945-07-21T12:00:00,141.5,35.0,热带低压(TD),7,17,,,,,,,
194506,-,-,0,1945-07-14T12:00:00,1945-07-22T00:00:00,[],1945-07-21T18:00:00,143.0,35.0,热带低压(TD),7,15,,,,,,,
194506,-,-,0,1945-07-14T12:00:00,1945-07-22T00:00:00,[],1945-07-22T00:00:00,145.0,35.0,热带低压(TD),6,12,,,,,,,
194507,-,-,0,1945-07-22T12:00:00,1945-07-23T12:00:00,[],1945-07-22T12:00:00,118.0,17.0,,5,10,,,,,,,
194507,-,-,0,1945-07-22T12:00:00,1945-07-23T12:00:00,[],1945-07-22T18:00:00,117.5,18.1,热带低压(TD),6,12,,,,,,,
194507,-,-,0,1945-07-22T12:00:00,1945-07-23T12:00:00,[],1945-07-23T00:00:00,117.0,19.2,热带低压(TD),7,17,,,,,,,
194507,-,-,0,1945-07-22T12:00:00,1945-07-23T12:00:00,[],1945-07-23T06:00:00,116.5,20.3,热带低压(TD),7,17,,,,,,,
194507,-,-,0,1945-07-22T12:00:00,1945-07-23T12:00:00,[],1945-07-23T12:00:00,116.0,21.5,热带低压(TD),7,15,,,,,,,
194508,-,-,0,1945-07-27T12:00:00,1945-07-29T12:00:00,[],1945-07-27T12:00:00,154.0,22.0,热带低压(TD),7,17,,,,,,,
194508,-,-,0,1945-07-27T12:00:00,1945-07-29T12:00:00,[],1945-07-27T18:00:00,153.7,23.0,热带低压(TD),7,17,,,,,,,
194508,-,-,0,1945-07-27T12:00:00,1945-07-29T12:00:00,[],1945-07-28T00:00:00,153.2,23.9,热带低压(TD),7,17,,,,,,,
194508,-,-,0,1945-07-27T12:00:00,1945-07-29T12:00:00,[],1945-07-28T06:00:00,152.9,24.9,热带低压(TD),7,17,,,,,,,
194508,-,-,0,1945-07-27T12:00:00,1945-07-29T12:00:00,[],1945-07-28T12:00:00,152.5,26.0,热带风暴(TS),8,20,,,,,,,
194508,-,-,0,1945-07-27T12:00:00,1945-07-29T12:00:00,[],1945-07-28T18:00:00,152.5,27.0,热带风暴(TS),8,20,,,,,,,
194508,-,-,0,1945-07-27T12:00:00,1945-07-29T12:00:00,[],1945-07-29T00:00:00,152.5,28.0,热带风暴(TS),8,20,,,,,,,
194508,-,-,0,1945-07-27T12:00:00,1945-07-29T12:00:00,[],1945-07-29T06:00:00,152.4,29.0,热带风暴(TS),8,20,,,,,,,
194508,-,-,0,1945-07-27T12:00:00,1945-07-29T12:00:00,[],1945-07-29T12:00:00,152.4,30.0,热带低压(TD),7,17,,,,,,,
194509,-,-,0,1945-07-30T00:00:00,1945-08-04T12:00:00,[],1945-07-30T00:00:00,128.5,22.5,热带低压(TD),7,17,,,,,,,
194509,-,-,0,1945-07-30T00:00:00,1945-08-04T12:00:00,[],1945-07-30T06:00:00,128.8,22.3,热带风暴(TS),8,20,,,,,,,
194509,-,-,0,1945-07-30T00:00:00,1945-08-04T12:00:00,[],1945-07-30T12:00:00,129.0,22.0,热带风暴(TS),8,20,,,,,,,
194509,-,-,0,1945-07-30T00:00:00,1945-08-04T12:00:00,[],1945-07-30T18:00:00,129.6,22.3,热带风暴(TS),8,20,,,,,,,
194509,-,-,0,1945-07-30T00:00:00,1945-08-04T12:00:00,[],1945-07-31T00:00:00,130.1,22.7,热带风暴(TS),8,20,,,,,,,
194509,-,-,0,1945-07-30T00:00:00,1945-08-04T12:00:00,[],1945-07-31T06:00:00,130.6,23.1,热带风暴(TS),8,20,,,,,,,
194509,-,-,0,1945-07-30T00:00:00,1945-08-04T12:00:00,[],1945-07-31T12:00:00,131.0,23.5,强热带风暴(STS),10,25,,,,,,,
194509,-,-,0,1945-07-30T00:00:00,1945-08-04T12:00:00,[],1945-07-31T18:00:00,130.9,23.8,强热带风暴(STS),11,30,,,,,,,
194509,-,-,0,1945-07-30T00:00:00,1945-08-04T12:00:00,[],1945-08-01T00:00:00,130.8,24.0,台风(TY),12,35,,,,,,,
194509,-,-,0,1945-07-30T00:00:00,1945-08-04T12:00:00,[],1945-08-01T06:00:00,130.6,24.2,台风(TY),13,41,,,,,,,
194509,-,-,0,1945-07-30T00:00:00,1945-08-04T12:00:00,[],1945-08-01T12:00:00,130.5,24.5,台风(TY),12,35,,,,,,,
194509,-,-,0,1945-07-30T00:00:00,1945-08-04T12:00:00,[],1945-08-01T18:00:00,130.2,24.7,台风(TY),12,35,,,,,,,
194509,-,-,0,1945-07-30T00:00:00,1945-08-04T12:00:00,[],1945-08-02T00:00:00,130.0,25.0,强热带风暴(STS),11,30,,,,,,,
194509,-,-,0,1945-07-30T00:00:00,1945-08-04T12:00:00,[],1945-08-02T06:00:00,129.8,25.2,强热带风暴(STS),11,30,,,,,,,
194509,-,-,0,1945-07-30T00:00:00,1945-08-04T12:00:00,[],1945-08-02T12:00:00,129.5,25.5,强热带风暴(STS),10,25,,,,,,,
194509,-,-,0,1945-07-30T00:00:00,1945-08-04T12:00:00,[],1945-08-02T18:00:00,129.0,26.0,强热带风暴(STS),10,25,,,,,,,
194509,-,-,0,1945-07-30T00:00:00,1945-08-04T12:00:00,[],1945-08-03T00:00:00,128.5,26.6,强热带风暴(STS),10,25,,,,,,,
194509,-,-,0,1945-07-30T00:00:00,1945-08-04T12:00:00,[],1945-08-03T06:00:00,128.0,27.4,强热带风暴(STS),10,25,,,,,,,
194509,-,-,0,1945-07-30T00:00:00,1945-08-04T12:00:00,[],1945-08-03T12:00:00,127.5,28.0,强热带风暴(STS),10,25,,,,,,,
194509,-,-,0,1945-07-30T00:00:00,1945-08-04T12:00:00,[],1945-08-03T18:00:00,127.2,31.0,强热带风暴(STS),10,25,,,,,,,
194509,-,-,0,1945-07-30T00:00:00,1945-08-04T12:00:00,[],1945-08-04T00:00:00,127.0,34.0,热带风暴(TS),8,20,,,,,,,
194509,-,-,0,1945-07-30T00:00:00,1945-08-04T12:00:00,[],1945-08-04T06:00:00,127.0,36.6,热带风暴(TS),8,20,,,,,,,
194509,-,-,0,1945-07-30T00:00:00,1945-08-04T12:00:00,[],1945-08-04T12:00:00,127.0,39.0,热带风暴(TS),8,20,,,,,,,
194510,-,-,0,1945-08-05T12:00:00,1945-08-09T12:00:00,[],1945-08-05T12:00:00,123.5,15.5,热带风暴(TS),8,20,,,,,,,
194510,-,-,0,1945-08-05T12:00:00,1945-08-09T12:00:00,[],1945-08-05T18:00:00,122.4,16.0,热带风暴(TS),9,23,,,,,,,
194510,-,-,0,1945-08-05T12:00:00,1945-08-09T12:00:00,[],1945-08-06T00:00:00,121.4,16.5,热带风暴(TS),9,23,,,,,,,
194510,-,-,0,1945-08-05T12:00:00,1945-08-09T12:00:00,[],1945-08-06T06:00:00,120.4,17.0,强热带风暴(STS),10,25,,,,,,,
194510,-,-,0,1945-08-05T12:00:00,1945-08-09T12:00:00,[],1945-08-06T12:00:00,119.5,17.5,强热带风暴(STS),10,25,,,,,,,
194510,-,-,0,1945-08-05T12:00:00,1945-08-09T12:00:00,[],1945-08-06T18:00:00,118.9,17.7,强热带风暴(STS),10,25,,,,,,,
194510,-,-,0,1945-08-05T12:00:00,1945-08-09T12:00:00,[],1945-08-07T00:00:00,118.1,17.8,强热带风暴(STS),11,30,,,,,,,
194510,-,-,0,1945-08-05T12:00:00,1945-08-09T12:00:00,[],1945-08-07T06:00:00,117.3,17.9,强热带风暴(STS),11,30,,,,,,,
194510,-,-,0,1945-08-05T12:00:00,1945-08-09T12:00:00,[],1945-08-07T12:00:00,116.5,18.0,台风(TY),12,35,,,,,,,
194510,-,-,0,1945-08-05T12:00:00,1945-08-09T12:00:00,[],1945-08-07T18:00:00,115.6,18.4,台风(TY),13,41,,,,,,,
194510,-,-,0,1945-08-05T12:00:00,1945-08-09T12:00:00,[],1945-08-08T00:00:00,115.1,18.7,台风(TY),12,35,,,,,,,
194510,-,-,0,1945-08-05T12:00:00,1945-08-09T12:00:00,[],1945-08-08T06:00:00,114.2,19.0,强热带风暴(STS),11,30,,,,,,,
194510,-,-,0,1945-08-05T12:00:00,1945-08-09T12:00:00,[],1945-08-08T12:00:00,113.5,19.5,强热带风暴(STS),11,30,,,,,,,
194510,-,-,0,1945-08-05T12:00:00,1945-08-09T12:00:00,[],1945-08-08T18:00:00,113.0,19.8,强热带风暴(STS),11,30,,,,,,,
194510,-,-,0,1945-08-05T12:00:00,1945-08-09T12:00:00,[],1945-08-09T00:00:00,112.5,20.2,强热带风暴(STS),11,30,,,,,,,
194510,-,-,0,1945-08-05T12:00:00,1945-08-09T12:00:00,[],1945-08-09T06:00:00,112.0,20.7,强热带风暴(STS),10,25,,,,,,,
194510,-,-,0,1945-08-05T12:00:00,1945-08-09T12:00:00,[],1945-08-09T12:00:00,111.5,21.0,热带风暴(TS),8,20,,,,,,,
194511,-,-,0,1945-08-09T12:00:00,1945-08-13T12:00:00,[],1945-08-09T12:00:00,149.0,22.0,热带低压(TD),6,12,,,,,,,
194511,-,-,0,1945-08-09T12:00:00,1945-08-13T12:00:00,[],1945-08-09T18:00:00,148.4,23.2,热带低压(TD),7,15,,,,,,,
194511,-,-,0,1945-08-09T12:00:00,1945-08-13T12:00:00,[],1945-08-10T00:00:00,148.0,24.6,热带低压(TD),7,15,,,,,,,
194511,-,-,0,1945-08-09T12:00:00,1945-08-13T12:00:00,[],1945-08-10T06:00:00,147.5,25.7,热带低压(TD),7,17,,,,,,,
194511,-,-,0,1945-08-09T12:00:00,1945-08-13T12:00:00,[],1945-08-10T12:00:00,147.0,27.0,热带低压(TD),7,17,,,,,,,
194511,-,-,0,1945-08-09T12:00:00,1945-08-13T12:00:00,[],1945-08-10T18:00:00,146.7,27.4,热带风暴(TS),8,20,,,,,,,
194511,-,-,0,1945-08-09T12:00:00,1945-08-13T12:00:00,[],1945-08-11T00:00:00,146.4,27.9,热带风暴(TS),8,20,,,,,,,
194511,-,-,0,1945-08-09T12:00:00,1945-08-13T12:00:00,[],1945-08-11T06:00:00,146.2,28.5,热带风暴(TS),8,20,,,,,,,
194511,-,-,0,1945-08-09T12:00:00,1945-08-13T12:00:00,[],1945-08-11T12:00:00,146.0,29.0,强热带风暴(STS),10,25,,,,,,,
194511,-,-,0,1945-08-09T12:00:00,1945-08-13T12:00:00,[],1945-08-11T18:00:00,146.4,29.7,强热带风暴(STS),10,25,,,,,,,
194511,-,-,0,1945-08-09T12:00:00,1945-08-13T12:00:00,[],1945-08-12T00:00:00,147.0,30.4,热带风暴(TS),8,20,,,,,,,
194511,-,-,0,1945-08-09T12:00:00,1945-08-13T12:00:00,[],1945-08-12T06:00:00,147.3,31.1,热带风暴(TS),8,20,,,,,,,
194511,-,-,0,1945-08-09T12:00:00,1945-08-13T12:00:00,[],1945-08-12T12:00:00,148.0,32.0,热带风暴(TS),8,20,,,,,,,
194511,-,-,0,1945-08-09T12:00:00,1945-08-13T12:00:00,[],1945-08-12T18:00:00,149.0,32.8,热带风暴(TS),8,20,,,,,,,
194511,-,-,0,1945-08-09T12:00:00,1945-08-13T12:00:00,[],1945-08-13T00:00:00,150.0,33.7,热带风暴(TS),8,20,,,,,,,
194511,-,-,0,1945-08-09T12:00:00,1945-08-13T12:00:00,[],1945-08-13T06:00:00,150.9,34.6,热带风暴(TS),8,20,,,,,,,
194511,-,-,0,1945-08-09T12:00:00,1945-08-13T12:00:00,[],1945-08-13T12:00:00,152.0,35.5,热带风暴(TS),8,20,,,,,,,
194512,-,-,0,1945-08-15T12:00:00,1945-08-22T12:00:00,[],1945-08-15T12:00:00,161.0,17.0,热带低压(TD),6,12,,,,,,,
194512,-,-,0,1945-08-15T12:00:00,1945-08-22T12:00:00,[],1945-08-15T18:00:00,160.1,17.5,热带低压(TD),6,12,,,,,,,
194512,-,-,0,1945-08-15T12:00:00,1945-08-22T12:00:00,[],1945-08-16T00:00:00,159.3,18.0,热带低压(TD),6,12,,,,,,,
194512,-,-,0,1945-08-15T12:00:00,1945-08-22T12:00:00,[],1945-08-16T06:00:00,158.8,18.4,热带低压(TD),6,12,,,,,,,
194512,-,-,0,1945-08-15T12:00:00,1945-08-22T12:00:00,[],1945-08-16T12:00:00,158.0,19.0,热带低压(TD),6,12,,,,,,,
194512,-,-,0,1945-08-15T12:00:00,1945-08-22T12:00:00,[],1945-08-16T18:00:00,157.5,19.5,热带低压(TD),6,12,,,,,,,
194512,-,-,0,1945-08-15T12:00:00,1945-08-22T12:00:00,[],1945-08-17T00:00:00,156.9,20.0,热带低压(TD),6,12,,,,,,,
194512,-,-,0,1945-08-15T12:00:00,1945-08-22T12:00:00,[],1945-08-17T06:00:00,156.5,20.4,热带低压(TD),6,12,,,,,,,
194512,-,-,0,1945-08-15T12:00:00,1945-08-22T12:00:00,[],1945-08-17T12:00:00,156.0,21.0,热带低压(TD),6,12,,,,,,,
194512,-,-,0,1945-08-15T12:00:00,1945-08-22T12:00:00,[],1945-08-17T18:00:00,155.2,21.3,热带低压(TD),6,12,,,,,,,
194512,-,-,0,1945-08-15T12:00:00,1945-08-22T12:00:00,[],1945-08-18T00:00:00,154.5,21.7,热带低压(TD),6,12,,,,,,,
194512,-,-,0,1945-08-15T12:00:00,1945-08-22T12:00:00,[],1945-08-18T06:00:00,153.7,22.0,热带低压(TD),6,12,,,,,,,
194512,-,-,0,1945-08-15T12:00:00,1945-08-22T12:00:00,[],1945-08-18T12:00:00,153.0,22.5,热带低压(TD),7,15,,,,,,,
194512,-,-,0,1945-08-15T12:00:00,1945-08-22T12:00:00,[],1945-08-18T18:00:00,152.1,23.0,热带低压(TD),7,15,,,,,,,
194512,-,-,0,1945-08-15T12:00:00,1945-08-22T12:00:00,[],1945-08-19T00:00:00,151.4,23.5,热带低压(TD),7,15,,,,,,,
194512,-,-,0,1945-08-15T12:00:00,1945-08-22T12:00:00,[],1945-08-19T06:00:00,150.8,23.9,热带低压(TD),7,17,,,,,,,
194512,-,-,0,1945-08-15T12:00:00,1945-08-22T12:00:00,[],1945-08-19T12:00:00,150.5,24.5,热带低压(TD),7,17,,,,,,,
194512,-,-,0,1945-08-15T12:00:00,1945-08-22T12:00:00,[],1945-08-19T18:00:00,149.5,25.3,热带风暴(TS),8,20,,,,,,,
194512,-,-,0,1945-08-15T12:00:00,1945-08-22T12:00:00,[],1945-08-20T00:00:00,149.0,26.2,热带风暴(TS),8,20,,,,,,,
194512,-,-,0,1945-08-15T12:00:00,1945-08-22T12:00:00,[],1945-08-20T06:00:00,148.4,27.1,热带风暴(TS),8,20,,,,,,,
194512,-,-,0,1945-08-15T12:00:00,1945-08-22T12:00:00,[],1945-08-20T12:00:00,148.0,28.0,热带风暴(TS),8,20,,,,,,,
194512,-,-,0,1945-08-15T12:00:00,1945-08-22T12:00:00,[],1945-08-20T18:00:00,147.0,28.4,强热带风暴(STS),10,25,,,,,,,
194512,-,-,0,1945-08-15T12:00:00,1945-08-22T12:00:00,[],1945-08-21T00:00:00,146.2,29.0,强热带风暴(STS),11,30,,,,,,,
194512,-,-,0,1945-08-15T12:00:00,1945-08-22T12:00:00,[],1945-08-21T06:00:00,145.2,29.6,强热带风暴(STS),10,25,,,,,,,
194512,-,-,0,1945-08-15T12:00:00,1945-08-22T12:00:00,[],1945-08-21T12:00:00,144.5,30.0,热带风暴(TS),8,20,,,,,,,
194512,-,-,0,1945-08-15T12:00:00,1945-08-22T12:00:00,[],1945-08-21T18:00:00,143.8,30.7,热带风暴(TS),8,20,,,,,,,
194512,-,-,0,1945-08-15T12:00:00,1945-08-22T12:00:00,[],1945-08-22T00:00:00,143.0,31.5,热带风暴(TS),8,20,,,,,,,
194512,-,-,0,1945-08-15T12:00:00,1945-08-22T12:00:00,[],1945-08-22T06:00:00,142.2,32.3,热带风暴(TS),8,20,,,,,,,
194512,-,-,0,1945-08-15T12:00:00,1945-08-22T12:00:00,[],1945-08-22T12:00:00,141.5,33.0,热带风暴(TS),8,20,,,,,,,
194513,-,-,0,1945-08-22T00:00:00,1945-08-28T00:00:00,[],1945-08-22T00:00:00,131.3,21.7,热带低压(TD),6,12,,,,,,,
194513,-,-,0,1945-08-22T00:00:00,1945-08-28T00:00:00,[],1945-08-22T06:00:00,132.5,22.0,热带低压(TD),6,12,,,,,,,
194513,-,-,0,1945-08-22T00:00:00,1945-08-28T00:00:00,[],1945-08-22T12:00:00,133.5,22.4,热带低压(TD),7,15,,,,,,,
194513,-,-,0,1945-08-22T00:00:00,1945-08-28T00:00:00,[],1945-08-22T18:00:00,134.5,23.0,热带低压(TD),7,15,,,,,,,
194513,-,-,0,1945-08-22T00:00:00,1945-08-28T00:00:00,[],1945-08-23T00:00:00,135.3,23.7,热带风暴(TS),8,20,,,,,,,
194513,-,-,0,1945-08-22T00:00:00,1945-08-28T00:00:00,[],1945-08-23T06:00:00,136.0,24.2,热带风暴(TS),8,20,,,,,,,
194513,-,-,0,1945-08-22T00:00:00,1945-08-28T00:00:00,[],1945-08-23T12:00:00,136.6,24.9,强热带风暴(STS),10,25,,,,,,,
194513,-,-,0,1945-08-22T00:00:00,1945-08-28T00:00:00,[],1945-08-23T18:00:00,137.1,25.7,强热带风暴(STS),10,25,,,,,,,
194513,-,-,0,1945-08-22T00:00:00,1945-08-28T00:00:00,[],1945-08-24T00:00:00,137.3,26.5,强热带风暴(STS),10,25,,,,,,,
194513,-,-,0,1945-08-22T00:00:00,1945-08-28T00:00:00,[],1945-08-24T06:00:00,137.4,27.7,强热带风暴(STS),10,25,,,,,,,
194513,-,-,0,1945-08-22T00:00:00,1945-08-28T00:00:00,[],1945-08-24T12:00:00,137.0,29.0,强热带风暴(STS),10,25,,,,,,,
194513,-,-,0,1945-08-22T00:00:00,1945-08-28T00:00:00,[],1945-08-24T18:00:00,136.5,30.0,强热带风暴(STS),11,30,,,,,,,
194513,-,-,0,1945-08-22T00:00:00,1945-08-28T00:00:00,[],1945-08-25T00:00:00,135.8,30.9,台风(TY),12,35,,,,,,,
194513,-,-,0,1945-08-22T00:00:00,1945-08-28T00:00:00,[],1945-08-25T06:00:00,135.1,32.0,台风(TY),12,35,,,,,,,
194513,-,-,0,1945-08-22T00:00:00,1945-08-28T00:00:00,[],1945-08-25T12:00:00,134.5,33.0,强热带风暴(STS),11,30,,,,,,,
194513,-,-,0,1945-08-22T00:00:00,1945-08-28T00:00:00,[],1945-08-25T18:00:00,133.8,34.0,强热带风暴(STS),10,28,,,,,,,
194513,-,-,0,1945-08-22T00:00:00,1945-08-28T00:00:00,[],1945-08-26T00:00:00,133.2,35.0,强热带风暴(STS),10,25,,,,,,,
194513,-,-,0,1945-08-22T00:00:00,1945-08-28T00:00:00,[],1945-08-26T06:00:00,132.8,36.1,热带风暴(TS),8,20,,,,,,,
194513,-,-,0,1945-08-22T00:00:00,1945-08-28T00:00:00,[],1945-08-26T12:00:00,132.5,37.2,热带风暴(TS),8,20,,,,,,,
194513,-,-,0,1945-08-22T00:00:00,1945-08-28T00:00:00,[],1945-08-26T18:00:00,132.3,38.5,热带风暴(TS),8,20,,,,,,,
194513,-,-,0,1945-08-22T00:00:00,1945-08-28T00:00:00,[],1945-08-27T00:00:00,132.4,39.7,热带风暴(TS),8,20,,,,,,,
194513,-,-,0,1945-08-22T00:00:00,1945-08-28T00:00:00,[],1945-08-27T06:00:00,132.9,41.2,热带低压(TD),7,17,,,,,,,
194513,-,-,0,1945-08-22T00:00:00,1945-08-28T00:00:00,[],1945-08-27T12:00:00,133.7,42.6,热带低压(TD),7,17,,,,,,,
194513,-,-,0,1945-08-22T00:00:00,1945-08-28T00:00:00,[],1945-08-27T18:00:00,134.8,43.8,热带低压(TD),7,17,,,,,,,
194513,-,-,0,1945-08-22T00:00:00,1945-08-28T00:00:00,[],1945-08-28T00:00:00,136.0,45.0,热带低压(TD),7,17,,,,,,,
194514,-,-,0,1945-08-23T00:00:00,1945-08-28T00:00:00,[],1945-08-23T00:00:00,124.7,23.3,强热带风暴(STS),11,30,,,,,,,
194514,-,-,0,1945-08-23T00:00:00,1945-08-28T00:00:00,[],1945-08-23T06:00:00,125.7,23.4,强热带风暴(STS),11,30,,,,,,,
194514,-,-,0,1945-08-23T00:00:00,1945-08-28T00:00:00,[],1945-08-23T12:00:00,126.7,23.5,强热带风暴(STS),11,30,,,,,,,
194514,-,-,0,1945-08-23T00:00:00,1945-08-28T00:00:00,[],1945-08-23T18:00:00,127.8,23.7,台风(TY),12,35,,,,,,,
194514,-,-,0,1945-08-23T00:00:00,1945-08-28T00:00:00,[],1945-08-24T00:00:00,128.7,23.8,台风(TY),12,35,,,,,,,
194514,-,-,0,1945-08-23T00:00:00,1945-08-28T00:00:00,[],1945-08-24T06:00:00,129.6,24.0,台风(TY),13,38,,,,,,,
194514,-,-,0,1945-08-23T00:00:00,1945-08-28T00:00:00,[],1945-08-24T12:00:00,130.5,24.3,台风(TY),13,38,,,,,,,
194514,-,-,0,1945-08-23T00:00:00,1945-08-28T00:00:00,[],1945-08-24T18:00:00,131.4,24.6,台风(TY),13,38,,,,,,,
194514,-,-,0,1945-08-23T00:00:00,1945-08-28T00:00:00,[],1945-08-25T00:00:00,132.2,25.0,台风(TY),13,38,,,,,,,
194514,-,-,0,1945-08-23T00:00:00,1945-08-28T00:00:00,[],1945-08-25T06:00:00,133.0,25.6,台风(TY),13,38,,,,,,,
194514,-,-,0,1945-08-23T00:00:00,1945-08-28T00:00:00,[],1945-08-25T12:00:00,133.4,26.4,台风(TY),13,41,,,,,,,
194514,-,-,0,1945-08-23T00:00:00,1945-08-28T00:00:00,[],1945-08-25T18:00:00,133.7,27.1,台风(TY),13,41,,,,,,,
194514,-,-,0,1945-08-23T00:00:00,1945-08-28T00:00:00,[],1945-08-26T00:00:00,133.7,28.0,台风(TY),13,41,,,,,,,
194514,-,-,0,1945-08-23T00:00:00,1945-08-28T00:00:00,[],1945-08-26T06:00:00,133.8,29.0,台风(TY),13,41,,,,,,,
194514,-,-,0,1945-08-23T00:00:00,1945-08-28T00:00:00,[],1945-08-26T12:00:00,133.7,30.1,台风(TY),13,38,,,,,,,
194514,-,-,0,1945-08-23T00:00:00,1945-08-28T00:00:00,[],1945-08-26T18:00:00,133.5,31.0,台风(TY),13,38,,,,,,,
194514,-,-,0,1945-08-23T00:00:00,1945-08-28T00:00:00,[],1945-08-27T00:00:00,133.2,32.0,台风(TY),13,38,,,,,,,
194514,-,-,0,1945-08-23T00:00:00,1945-08-28T00:00:00,[],1945-08-27T06:00:00,133.2,33.1,强热带风暴(STS),11,30,,,,,,,
194514,-,-,0,1945-08-23T00:00:00,1945-08-28T00:00:00,[],1945-08-27T12:00:00,133.2,34.1,强热带风暴(STS),10,25,,,,,,,
194514,-,-,0,1945-08-23T00:00:00,1945-08-28T00:00:00,[],1945-08-27T18:00:00,133.3,35.2,热带风暴(TS),8,20,,,,,,,
194514,-,-,0,1945-08-23T00:00:00,1945-08-28T00:00:00,[],1945-08-28T00:00:00,133.4,36.5,热带风暴(TS),8,20,,,,,,,
194515,-,-,0,1945-08-23T12:00:00,1945-08-25T06:00:00,[],1945-08-23T12:00:00,116.0,19.0,热带风暴(TS),8,20,,,,,,,
194515,-,-,0,1945-08-23T12:00:00,1945-08-25T06:00:00,[],1945-08-23T18:00:00,115.5,19.8,强热带风暴(STS),10,25,,,,,,,
194515,-,-,0,1945-08-23T12:00:00,1945-08-25T06:00:00,[],1945-08-24T00:00:00,115.3,20.6,强热带风暴(STS),11,30,,,,,,,
194515,-,-,0,1945-08-23T12:00:00,1945-08-25T06:00:00,[],1945-08-24T06:00:00,115.0,21.3,台风(TY),12,33,,,,,,,
194515,-,-,0,1945-08-23T12:00:00,1945-08-25T06:00:00,[],1945-08-24T12:00:00,114.8,21.7,台风(TY),12,33,,,,,,,
194515,-,-,0,1945-08-23T12:00:00,1945-08-25T06:00:00,[],1945-08-24T18:00:00,114.7,22.3,台风(TY),12,35,,,,,,,
194515,-,-,0,1945-08-23T12:00:00,1945-08-25T06:00:00,[],1945-08-25T00:00:00,114.6,22.7,台风(TY),12,35,,,,,,,
194515,-,-,0,1945-08-23T12:00:00,1945-08-25T06:00:00,[],1945-08-25T06:00:00,115.0,23.9,强热带风暴(STS),11,30,,,,,,,
194516,-,-,0,1945-08-29T12:00:00,1945-09-04T12:00:00,[],1945-08-29T12:00:00,135.5,14.5,热带低压(TD),6,12,,,,,,,
194516,-,-,0,1945-08-29T12:00:00,1945-09-04T12:00:00,[],1945-08-29T18:00:00,135.0,14.5,热带低压(TD),7,15,,,,,,,
194516,-,-,0,1945-08-29T12:00:00,1945-09-04T12:00:00,[],1945-08-30T00:00:00,134.5,14.5,热带低压(TD),7,17,,,,,,,
194516,-,-,0,1945-08-29T12:00:00,1945-09-04T12:00:00,[],1945-08-30T06:00:00,133.2,14.6,热带风暴(TS),8,20,,,,,,,
194516,-,-,0,1945-08-29T12:00:00,1945-09-04T12:00:00,[],1945-08-30T12:00:00,132.0,15.0,热带风暴(TS),8,20,,,,,,,
194516,-,-,0,1945-08-29T12:00:00,1945-09-04T12:00:00,[],1945-08-30T18:00:00,131.0,15.4,热带风暴(TS),9,23,,,,,,,
194516,-,-,0,1945-08-29T12:00:00,1945-09-04T12:00:00,[],1945-08-31T00:00:00,130.0,16.0,热带风暴(TS),9,23,,,,,,,
194516,-,-,0,1945-08-29T12:00:00,1945-09-04T12:00:00,[],1945-08-31T06:00:00,129.3,16.5,强热带风暴(STS),10,25,,,,,,,
194516,-,-,0,1945-08-29T12:00:00,1945-09-04T12:00:00,[],1945-08-31T12:00:00,128.5,17.0,强热带风暴(STS),11,30,,,,,,,
194516,-,-,0,1945-08-29T12:00:00,1945-09-04T12:00:00,[],1945-08-31T18:00:00,127.5,17.7,台风(TY),12,33,,,,,,,
194516,-,-,0,1945-08-29T12:00:00,1945-09-04T12:00:00,[],1945-09-01T00:00:00,126.5,18.5,台风(TY),12,35,,,,,,,
194516,-,-,0,1945-08-29T12:00:00,1945-09-04T12:00:00,[],1945-09-01T06:00:00,125.5,19.3,台风(TY),13,41,,,,,,,
194516,-,-,0,1945-08-29T12:00:00,1945-09-04T12:00:00,[],1945-09-01T12:00:00,124.5,20.0,强台风(STY),14,43,,,,,,,
194516,-,-,0,1945-08-29T12:00:00,1945-09-04T12:00:00,[],1945-09-01T18:00:00,123.7,20.7,强台风(STY),15,48,,,,,,,
194516,-,-,0,1945-08-29T12:00:00,1945-09-04T12:00:00,[],1945-09-02T00:00:00,123.0,21.5,超强台风(Super TY),16,53,,,,,,,
194516,-,-,0,1945-08-29T12:00:00,1945-09-04T12:00:00,[],1945-09-02T06:00:00,122.5,22.5,超强台风(Super TY),16,53,,,,,,,
194516,-,-,0,1945-08-29T12:00:00,1945-09-04T12:00:00,[],1945-09-02T12:00:00,122.0,23.5,强台风(STY),14,46,,,,,,,
194516,-,-,0,1945-08-29T12:00:00,1945-09-04T12:00:00,[],1945-09-02T18:00:00,121.5,24.2,台风(TY),13,38,,,,,,,
194516,-,-,0,1945-08-29T12:00:00,1945-09-04T12:00:00,[],1945-09-03T00:00:00,121.0,25.0,强热带风暴(STS),11,30,,,,,,,
194516,-,-,0,1945-08-29T12:00:00,1945-09-04T12:00:00,[],1945-09-03T06:00:00,120.5,25.5,强热带风暴(STS),10,25,,,,,,,
194516,-,-,0,1945-08-29T12:00:00,1945-09-04T12:00:00,[],1945-09-03T12:00:00,120.0,26.0,强热带风暴(STS),10,25,,,,,,,
194516,-,-,0,1945-08-29T12:00:00,1945-09-04T12:00:00,[],1945-09-03T18:00:00,119.2,26.2,热带风暴(TS),9,23,,,,,,,
194516,-,-,0,1945-08-29T12:00:00,1945-09-04T12:00:00,[],1945-09-04T00:00:00,118.5,26.5,热带风暴(TS),9,23,,,,,,,
194516,-,-,0,1945-08-29T12:00:00,1945-09-04T12:00:00,[],1945-09-04T06:00:00,118.0,26.8,热带风暴(TS),8,20,,,,,,,
194516,-,-,0,1945-08-29T12:00:00,1945-09-04T12:00:00,[],1945-09-04T12:00:00,117.5,27.5,热带风暴(TS),8,20,,,,,,,
194517,-,-,0,1945-09-07T12:00:00,1945-09-14T06:00:00,[],1945-09-07T12:00:00,130.5,14.5,热带低压(TD),6,12,,,,,,,
194517,-,-,0,1945-09-07T12:00:00,1945-09-14T06:00:00,[],1945-09-07T18:00:00,129.3,14.7,热带低压(TD),7,15,,,,,,,
194517,-,-,0,1945-09-07T12:00:00,1945-09-14T06:00:00,[],1945-09-08T00:00:00,128.0,15.0,热带低压(TD),7,15,,,,,,,
194517,-,-,0,1945-09-07T12:00:00,1945-09-14T06:00:00,[],1945-09-08T06:00:00,126.8,15.9,热带低压(TD),7,17,,,,,,,
194517,-,-,0,1945-09-07T12:00:00,1945-09-14T06:00:00,[],1945-09-08T12:00:00,126.0,17.0,热带风暴(TS),8,20,,,,,,,
194517,-,-,0,1945-09-07T12:00:00,1945-09-14T06:00:00,[],1945-09-08T18:00:00,125.5,17.7,热带风暴(TS),9,23,,,,,,,
194517,-,-,0,1945-09-07T12:00:00,1945-09-14T06:00:00,[],1945-09-09T00:00:00,125.0,18.5,强热带风暴(STS),10,25,,,,,,,
194517,-,-,0,1945-09-07T12:00:00,1945-09-14T06:00:00,[],1945-09-09T06:00:00,124.5,18.8,强热带风暴(STS),10,28,,,,,,,
194517,-,-,0,1945-09-07T12:00:00,1945-09-14T06:00:00,[],1945-09-09T12:00:00,124.0,19.0,强热带风暴(STS),11,30,,,,,,,
194517,-,-,0,1945-09-07T12:00:00,1945-09-14T06:00:00,[],1945-09-09T18:00:00,123.4,20.0,台风(TY),12,33,,,,,,,
194517,-,-,0,1945-09-07T12:00:00,1945-09-14T06:00:00,[],1945-09-10T00:00:00,123.0,21.0,台风(TY),12,35,,,,,,,
194517,-,-,0,1945-09-07T12:00:00,1945-09-14T06:00:00,[],1945-09-10T06:00:00,122.5,21.5,强台风(STY),14,43,,,,,,,
194517,-,-,0,1945-09-07T12:00:00,1945-09-14T06:00:00,[],1945-09-10T12:00:00,122.0,22.0,强台风(STY),14,46,,,,,,,
194517,-,-,0,1945-09-07T12:00:00,1945-09-14T06:00:00,[],1945-09-10T18:00:00,121.3,22.8,台风(TY),12,35,,,,,,,
194517,-,-,0,1945-09-07T12:00:00,1945-09-14T06:00:00,[],1945-09-11T00:00:00,121.0,23.5,热带风暴(TS),9,23,,,,,,,
194517,-,-,0,1945-09-07T12:00:00,1945-09-14T06:00:00,[],1945-09-11T06:00:00,120.5,24.2,强热带风暴(STS),10,25,,,,,,,
194517,-,-,0,1945-09-07T12:00:00,1945-09-14T06:00:00,[],1945-09-11T12:00:00,120.0,25.0,强热带风暴(STS),10,28,,,,,,,
194517,-,-,0,1945-09-07T12:00:00,1945-09-14T06:00:00,[],1945-09-11T18:00:00,119.2,26.0,强热带风暴(STS),11,30,,,,,,,
194517,-,-,0,1945-09-07T12:00:00,1945-09-14T06:00:00,[],1945-09-12T00:00:00,119.0,27.0,强热带风暴(STS),10,28,,,,,,,
194517,-,-,0,1945-09-07T12:00:00,1945-09-14T06:00:00,[],1945-09-12T06:00:00,119.3,29.0,强热带风暴(STS),10,28,,,,,,,
194517,-,-,0,1945-09-07T12:00:00,1945-09-14T06:00:00,[],1945-09-12T12:00:00,120.0,31.0,强热带风暴(STS),10,25,,,,,,,
194517,-,-,0,1945-09-07T12:00:00,1945-09-14T06:00:00,[],1945-09-12T18:00:00,122.5,32.5,强热带风暴(STS),10,25,,,,,,,
194517,-,-,0,1945-09-07T12:00:00,1945-09-14T06:00:00,[],1945-09-13T00:00:00,125.0,34.5,热带风暴(TS),9,23,,,,,,,
194517,-,-,0,1945-09-07T12:00:00,1945-09-14T06:00:00,[],1945-09-13T06:00:00,127.0,36.0,热带风暴(TS),9,23,,,,,,,
194517,-,-,0,1945-09-07T12:00:00,1945-09-14T06:00:00,[],1945-09-13T12:00:00,129.5,37.2,热带风暴(TS),8,20,,,,,,,
194517,-,-,0,1945-09-07T12:00:00,1945-09-14T06:00:00,[],1945-09-13T18:00:00,133.0,38.5,热带低压(TD),7,17,,,,,,,
194517,-,-,0,1945-09-07T12:00:00,1945-09-14T06:00:00,[],1945-09-14T00:00:00,136.5,40.2,热带低压(TD),7,17,,,,,,,
194517,-,-,0,1945-09-07T12:00:00,1945-09-14T06:00:00,[],1945-09-14T06:00:00,140.0,42.0,热带低压(TD),7,15,,,,,,,
194518,-,-,0,1945-09-10T00:00:00,1945-09-20T18:00:00,[],1945-09-10T00:00:00,157.0,8.0,热带低压(TD),7,15,,,,,,,
194518,-,-,0,1945-09-10T00:00:00,1945-09-20T18:00:00,[],1945-09-10T06:00:00,156.0,8.5,热带低压(TD),7,15,,,,,,,
194518,-,-,0,1945-09-10T00:00:00,1945-09-20T18:00:00,[],1945-09-10T12:00:00,155.1,9.0,热带低压(TD),7,15,,,,,,,
194518,-,-,0,1945-09-10T00:00:00,1945-09-20T18:00:00,[],1945-09-10T18:00:00,154.2,9.6,热带低压(TD),7,15,,,,,,,
194518,-,-,0,1945-09-10T00:00:00,1945-09-20T18:00:00,[],1945-09-11T00:00:00,153.0,10.0,热带低压(TD),7,17,,,,,,,
194518,-,-,0,1945-09-10T00:00:00,1945-09-20T18:00:00,[],1945-09-11T06:00:00,151.8,10.3,热带低压(TD),7,17,,,,,,,
194518,-,-,0,1945-09-10T00:00:00,1945-09-20T18:00:00,[],1945-09-11T12:00:00,150.5,10.5,热带低压(TD),7,17,,,,,,,
194518,-,-,0,1945-09-10T00:00:00,1945-09-20T18:00:00,[],1945-09-11T18:00:00,149.2,10.7,热带风暴(TS),8,20,,,,,,,
194518,-,-,0,1945-09-10T00:00:00,1945-09-20T18:00:00,[],1945-09-12T00:00:00,148.0,11.0,热带风暴(TS),8,20,,,,,,,
194518,-,-,0,1945-09-10T00:00:00,1945-09-20T18:00:00,[],1945-09-12T06:00:00,146.8,11.2,热带风暴(TS),8,20,,,,,,,
194518,-,-,0,1945-09-10T00:00:00,1945-09-20T18:00:00,[],1945-09-12T12:00:00,145.7,11.7,热带风暴(TS),9,23,,,,,,,
194518,-,-,0,1945-09-10T00:00:00,1945-09-20T18:00:00,[],1945-09-12T18:00:00,144.6,12.0,热带风暴(TS),9,23,,,,,,,
194518,-,-,0,1945-09-10T00:00:00,1945-09-20T18:00:00,[],1945-09-13T00:00:00,143.5,12.5,强热带风暴(STS),10,25,,,,,,,
194518,-,-,0,1945-09-10T00:00:00,1945-09-20T18:00:00,[],1945-09-13T06:00:00,142.3,13.0,强热带风暴(STS),10,28,,,,,,,
194518,-,-,0,1945-09-10T00:00:00,1945-09-20T18:00:00,[],1945-09-13T12:00:00,141.0,13.5,强热带风暴(STS),10,28,,,,,,,
194518,-,-,0,1945-09-10T00:00:00,1945-09-20T18:00:00,[],1945-09-13T18:00:00,139.7,13.9,强热带风暴(STS),10,28,,,,,,,
194518,-,-,0,1945-09-10T00:00:00,1945-09-20T18:00:00,[],1945-09-14T00:00:00,138.5,14.5,强热带风暴(STS),11,30,,,,,,,
194518,-,-,0,1945-09-10T00:00:00,1945-09-20T18:00:00,[],1945-09-14T06:00:00,137.0,15.0,强热带风暴(STS),11,30,,,,,,,
194518,-,-,0,1945-09-10T00:00:00,1945-09-20T18:00:00,[],1945-09-14T12:00:00,135.7,15.8,强热带风暴(STS),11,30,,,,,,,
194518,-,-,0,1945-09-10T00:00:00,1945-09-20T18:00:00,[],1945-09-14T18:00:00,134.2,16.5,强热带风暴(STS),11,30,,,,,,,
194518,-,-,0,1945-09-10T00:00:00,1945-09-20T18:00:00,[],1945-09-15T00:00:00,133.0,17.5,强热带风暴(STS),11,30,,,,,,,
194518,-,-,0,1945-09-10T00:00:00,1945-09-20T18:00:00,[],1945-09-15T06:00:00,131.9,18.9,台风(TY),12,33,,,,,,,
194518,-,-,0,1945-09-10T00:00:00,1945-09-20T18:00:00,[],1945-09-15T12:00:00,130.8,20.0,台风(TY),12,33,,,,,,,
194518,-,-,0,1945-09-10T00:00:00,1945-09-20T18:00:00,[],1945-09-15T18:00:00,129.8,21.5,台风(TY),12,33,,,,,,,
194518,-,-,0,1945-09-10T00:00:00,1945-09-20T18:00:00,[],1945-09-16T00:00:00,129.0,23.0,台风(TY),12,33,,,,,,,
194518,-,-,0,1945-09-10T00:00:00,1945-09-20T18:00:00,[],1945-09-16T06:00:00,128.4,24.5,台风(TY),12,33,,,,,,,
194518,-,-,0,1945-09-10T00:00:00,1945-09-20T18:00:00,[],1945-09-16T12:00:00,128.3,26.1,台风(TY),12,35,,,,,,,
194518,-,-,0,1945-09-10T00:00:00,1945-09-20T18:00:00,[],1945-09-16T18:00:00,129.0,27.8,台风(TY),12,35,,,,,,,
194518,-,-,0,1945-09-10T00:00:00,1945-09-20T18:00:00,[],1945-09-17T00:00:00,130.0,29.0,台风(TY),12,35,,,,,,,
194518,-,-,0,1945-09-10T00:00:00,1945-09-20T18:00:00,[],1945-09-17T06:00:00,132.0,30.9,台风(TY),12,33,,,,,,,
194518,-,-,0,1945-09-10T00:00:00,1945-09-20T18:00:00,[],1945-09-17T12:00:00,134.3,32.6,台风(TY),12,33,,,,,,,
194518,-,-,0,1945-09-10T00:00:00,1945-09-20T18:00:00,[],1945-09-17T18:00:00,136.5,34.4,强热带风暴(STS),11,30,,,,,,,
194518,-,-,0,1945-09-10T00:00:00,1945-09-20T18:00:00,[],1945-09-18T00:00:00,139.0,36.0,强热带风暴(STS),10,28,,,,,,,
194518,-,-,0,1945-09-10T00:00:00,1945-09-20T18:00:00,[],1945-09-18T06:00:00,142.9,38.0,强热带风暴(STS),10,28,,,,,,,
194518,-,-,0,1945-09-10T00:00:00,1945-09-20T18:00:00,[],1945-09-18T12:00:00,146.8,39.9,强热带风暴(STS),10,28,,,,,,,
194518,-,-,0,1945-09-10T00:00:00,1945-09-20T18:00:00,[],1945-09-18T18:00:00,150.8,41.4,强热带风暴(STS),10,28,,,,,,,
194518,-,-,0,1945-09-10T00:00:00,1945-09-20T18:00:00,[],1945-09-19T00:00:00,155.0,43.0,强热带风暴(STS),10,28,,,,,,,
194518,-,-,0,1945-09-10T00:00:00,1945-09-20T18:00:00,[],1945-09-19T06:00:00,158.2,44.4,强热带风暴(STS),10,25,,,,,,,
194518,-,-,0,1945-09-10T00:00:00,1945-09-20T18:00:00,[],1945-09-19T12:00:00,161.6,45.8,热带风暴(TS),9,23,,,,,,,
194518,-,-,0,1945-09-10T00:00:00,1945-09-20T18:00:00,[],1945-09-19T18:00:00,164.8,47.3,热带风暴(TS),9,23,,,,,,,
194518,-,-,0,1945-09-10T00:00:00,1945-09-20T18:00:00,[],1945-09-20T00:00:00,168.0,49.0,热带风暴(TS),8,20,,,,,,,
194518,-,-,0,1945-09-10T00:00:00,1945-09-20T18:00:00,[],1945-09-20T06:00:00,172.0,49.0,强热带风暴(STS),10,25,,,,,,,
194518,-,-,0,1945-09-10T00:00:00,1945-09-20T18:00:00,[],1945-09-20T12:00:00,174.0,50.0,强热带风暴(STS),10,25,,,,,,,
194518,-,-,0,1945-09-10T00:00:00,1945-09-20T18:00:00,[],1945-09-20T18:00:00,176.0,51.0,强热带风暴(STS),10,25,,,,,,,
194519,-,-,0,1945-09-20T12:00:00,1945-09-22T00:00:00,[],1945-09-20T12:00:00,113.5,17.0,热带低压(TD),7,17,,,,,,,
194519,-,-,0,1945-09-20T12:00:00,1945-09-22T00:00:00,[],1945-09-20T18:00:00,112.4,17.7,热带风暴(TS),8,20,,,,,,,
194519,-,-,0,1945-09-20T12:00:00,1945-09-22T00:00:00,[],1945-09-21T00:00:00,111.4,18.4,热带风暴(TS),9,23,,,,,,,
194519,-,-,0,1945-09-20T12:00:00,1945-09-22T00:00:00,[],1945-09-21T06:00:00,110.3,19.0,强热带风暴(STS),10,25,,,,,,,
194519,-,-,0,1945-09-20T12:00:00,1945-09-22T00:00:00,[],1945-09-21T12:00:00,109.4,19.6,热带风暴(TS),8,20,,,,,,,
194519,-,-,0,1945-09-20T12:00:00,1945-09-22T00:00:00,[],1945-09-21T18:00:00,108.3,20.3,热带风暴(TS),8,20,,,,,,,
194519,-,-,0,1945-09-20T12:00:00,1945-09-22T00:00:00,[],1945-09-22T00:00:00,107.3,20.8,热带低压(TD),7,17,,,,,,,
194520,-,-,0,1945-09-21T06:00:00,1945-09-24T06:00:00,[],1945-09-21T06:00:00,124.4,12.3,热带低压(TD),6,12,,,,,,,
194520,-,-,0,1945-09-21T06:00:00,1945-09-24T06:00:00,[],1945-09-21T12:00:00,123.7,12.4,热带低压(TD),6,12,,,,,,,
194520,-,-,0,1945-09-21T06:00:00,1945-09-24T06:00:00,[],1945-09-21T18:00:00,122.7,12.7,热带低压(TD),6,12,,,,,,,
194520,-,-,0,1945-09-21T06:00:00,1945-09-24T06:00:00,[],1945-09-22T00:00:00,121.8,13.0,热带低压(TD),7,15,,,,,,,
194520,-,-,0,1945-09-21T06:00:00,1945-09-24T06:00:00,[],1945-09-22T06:00:00,121.0,13.4,热带低压(TD),7,15,,,,,,,
194520,-,-,0,1945-09-21T06:00:00,1945-09-24T06:00:00,[],1945-09-22T12:00:00,120.0,13.8,热带低压(TD),7,17,,,,,,,
194520,-,-,0,1945-09-21T06:00:00,1945-09-24T06:00:00,[],1945-09-22T18:00:00,118.8,14.4,热带低压(TD),7,17,,,,,,,
194520,-,-,0,1945-09-21T06:00:00,1945-09-24T06:00:00,[],1945-09-23T00:00:00,117.7,15.1,热带风暴(TS),8,20,,,,,,,
194520,-,-,0,1945-09-21T06:00:00,1945-09-24T06:00:00,[],1945-09-23T06:00:00,116.8,15.7,热带风暴(TS),8,20,,,,,,,
194520,-,-,0,1945-09-21T06:00:00,1945-09-24T06:00:00,[],1945-09-23T12:00:00,116.0,16.3,热带低压(TD),7,17,,,,,,,
194520,-,-,0,1945-09-21T06:00:00,1945-09-24T06:00:00,[],1945-09-23T18:00:00,115.0,17.2,热带低压(TD),7,15,,,,,,,
194520,-,-,0,1945-09-21T06:00:00,1945-09-24T06:00:00,[],1945-09-24T00:00:00,113.5,18.4,热带低压(TD),6,12,,,,,,,
194520,-,-,0,1945-09-21T06:00:00,1945-09-24T06:00:00,[],1945-09-24T06:00:00,111.9,19.5,,5,10,,,,,,,
194521,-,-,0,1945-09-25T00:00:00,1945-10-02T00:00:00,[],1945-09-25T00:00:00,142.5,11.5,热带低压(TD),6,12,,,,,,,
194521,-,-,0,1945-09-25T00:00:00,1945-10-02T00:00:00,[],1945-09-25T06:00:00,141.6,12.0,热带低压(TD),6,12,,,,,,,
194521,-,-,0,1945-09-25T00:00:00,1945-10-02T00:00:00,[],1945-09-25T12:00:00,140.8,12.5,热带低压(TD),6,12,,,,,,,
194521,-,-,0,1945-09-25T00:00:00,1945-10-02T00:00:00,[],1945-09-25T18:00:00,140.0,13.0,热带低压(TD),6,12,,,,,,,
194521,-,-,0,1945-09-25T00:00:00,1945-10-02T00:00:00,[],1945-09-26T00:00:00,139.0,13.5,热带低压(TD),6,12,,,,,,,
194521,-,-,0,1945-09-25T00:00:00,1945-10-02T00:00:00,[],1945-09-26T06:00:00,138.1,14.0,热带低压(TD),6,12,,,,,,,
194521,-,-,0,1945-09-25T00:00:00,1945-10-02T00:00:00,[],1945-09-26T12:00:00,137.2,14.6,热带低压(TD),7,15,,,,,,,
194521,-,-,0,1945-09-25T00:00:00,1945-10-02T00:00:00,[],1945-09-26T18:00:00,136.4,15.0,热带风暴(TS),8,20,,,,,,,
194521,-,-,0,1945-09-25T00:00:00,1945-10-02T00:00:00,[],1945-09-27T00:00:00,135.5,15.5,热带风暴(TS),9,23,,,,,,,
194521,-,-,0,1945-09-25T00:00:00,1945-10-02T00:00:00,[],1945-09-27T06:00:00,134.5,15.8,强热带风暴(STS),10,25,,,,,,,
194521,-,-,0,1945-09-25T00:00:00,1945-10-02T00:00:00,[],1945-09-27T12:00:00,133.7,16.2,强热带风暴(STS),10,28,,,,,,,
194521,-,-,0,1945-09-25T00:00:00,1945-10-02T00:00:00,[],1945-09-27T18:00:00,132.9,16.6,强热带风暴(STS),11,30,,,,,,,
194521,-,-,0,1945-09-25T00:00:00,1945-10-02T00:00:00,[],1945-09-28T00:00:00,132.0,17.0,台风(TY),12,33,,,,,,,
194521,-,-,0,1945-09-25T00:00:00,1945-10-02T00:00:00,[],1945-09-28T06:00:00,131.4,17.3,台风(TY),12,35,,,,,,,
194521,-,-,0,1945-09-25T00:00:00,1945-10-02T00:00:00,[],1945-09-28T12:00:00,130.7,17.7,台风(TY),12,35,,,,,,,
194521,-,-,0,1945-09-25T00:00:00,1945-10-02T00:00:00,[],1945-09-28T18:00:00,130.1,18.0,台风(TY),13,38,,,,,,,
194521,-,-,0,1945-09-25T00:00:00,1945-10-02T00:00:00,[],1945-09-29T00:00:00,129.5,18.5,台风(TY),13,38,,,,,,,
194521,-,-,0,1945-09-25T00:00:00,1945-10-02T00:00:00,[],1945-09-29T06:00:00,128.5,19.2,台风(TY),13,41,,,,,,,
194521,-,-,0,1945-09-25T00:00:00,1945-10-02T00:00:00,[],1945-09-29T12:00:00,127.3,19.7,台风(TY),13,41,,,,,,,
194521,-,-,0,1945-09-25T00:00:00,1945-10-02T00:00:00,[],1945-09-29T18:00:00,126.2,20.1,强台风(STY),14,43,,,,,,,
194521,-,-,0,1945-09-25T00:00:00,1945-10-02T00:00:00,[],1945-09-30T00:00:00,125.0,20.5,强台风(STY),14,43,,,,,,,
194521,-,-,0,1945-09-25T00:00:00,1945-10-02T00:00:00,[],1945-09-30T06:00:00,123.3,21.0,强台风(STY),14,46,,,,,,,
194521,-,-,0,1945-09-25T00:00:00,1945-10-02T00:00:00,[],1945-09-30T12:00:00,121.8,21.5,强台风(STY),14,43,,,,,,,
194521,-,-,0,1945-09-25T00:00:00,1945-10-02T00:00:00,[],1945-09-30T18:00:00,120.0,21.8,台风(TY),13,41,,,,,,,
194521,-,-,0,1945-09-25T00:00:00,1945-10-02T00:00:00,[],1945-10-01T00:00:00,119.0,23.5,台风(TY),13,38,,,,,,,
194521,-,-,0,1945-09-25T00:00:00,1945-10-02T00:00:00,[],1945-10-01T06:00:00,119.7,24.7,台风(TY),12,35,,,,,,,
194521,-,-,0,1945-09-25T00:00:00,1945-10-02T00:00:00,[],1945-10-01T12:00:00,120.5,25.5,强热带风暴(STS),11,30,,,,,,,
194521,-,-,0,1945-09-25T00:00:00,1945-10-02T00:00:00,[],1945-10-01T18:00:00,121.5,26.3,热带风暴(TS),9,23,,,,,,,
194521,-,-,0,1945-09-25T00:00:00,1945-10-02T00:00:00,[],1945-10-02T00:00:00,122.5,27.0,热带低压(TD),7,17,,,,,,,
194522,-,-,0,1945-09-28T00:00:00,1945-10-06T00:00:00,[],1945-09-28T00:00:00,160.0,6.0,热带低压(TD),6,12,,,,,,,
194522,-,-,0,1945-09-28T00:00:00,1945-10-06T00:00:00,[],1945-09-28T06:00:00,159.0,6.5,热带低压(TD),6,12,,,,,,,
194522,-,-,0,1945-09-28T00:00:00,1945-10-06T00:00:00,[],1945-09-28T12:00:00,158.0,7.0,热带低压(TD),6,12,,,,,,,
194522,-,-,0,1945-09-28T00:00:00,1945-10-06T00:00:00,[],1945-09-28T18:00:00,157.0,7.4,热带低压(TD),6,12,,,,,,,
194522,-,-,0,1945-09-28T00:00:00,1945-10-06T00:00:00,[],1945-09-29T00:00:00,156.0,8.0,热带低压(TD),7,15,,,,,,,
194522,-,-,0,1945-09-28T00:00:00,1945-10-06T00:00:00,[],1945-09-29T06:00:00,154.5,8.8,热带低压(TD),7,15,,,,,,,
194522,-,-,0,1945-09-28T00:00:00,1945-10-06T00:00:00,[],1945-09-29T12:00:00,153.0,9.5,热带低压(TD),7,15,,,,,,,
194522,-,-,0,1945-09-28T00:00:00,1945-10-06T00:00:00,[],1945-09-29T18:00:00,151.4,10.5,热带低压(TD),7,15,,,,,,,
194522,-,-,0,1945-09-28T00:00:00,1945-10-06T00:00:00,[],1945-09-30T00:00:00,150.0,11.5,热带低压(TD),7,15,,,,,,,
194522,-,-,0,1945-09-28T00:00:00,1945-10-06T00:00:00,[],1945-09-30T06:00:00,149.1,12.0,热带低压(TD),7,15,,,,,,,
194522,-,-,0,1945-09-28T00:00:00,1945-10-06T00:00:00,[],1945-09-30T12:00:00,148.5,12.5,热带低压(TD),7,17,,,,,,,
194522,-,-,0,1945-09-28T00:00:00,1945-10-06T00:00:00,[],1945-09-30T18:00:00,147.7,12.9,热带低压(TD),7,17,,,,,,,
194522,-,-,0,1945-09-28T00:00:00,1945-10-06T00:00:00,[],1945-10-01T00:00:00,147.0,13.5,热带低压(TD),7,17,,,,,,,
194522,-,-,0,1945-09-28T00:00:00,1945-10-06T00:00:00,[],1945-10-01T06:00:00,146.0,14.1,热带风暴(TS),8,20,,,,,,,
194522,-,-,0,1945-09-28T00:00:00,1945-10-06T00:00:00,[],1945-10-01T12:00:00,145.0,14.7,热带风暴(TS),9,23,,,,,,,
194522,-,-,0,1945-09-28T00:00:00,1945-10-06T00:00:00,[],1945-10-01T18:00:00,144.0,15.4,热带风暴(TS),9,23,,,,,,,
194522,-,-,0,1945-09-28T00:00:00,1945-10-06T00:00:00,[],1945-10-02T00:00:00,143.0,16.0,强热带风暴(STS),10,25,,,,,,,
194522,-,-,0,1945-09-28T00:00:00,1945-10-06T00:00:00,[],1945-10-02T06:00:00,141.8,16.7,强热带风暴(STS),10,25,,,,,,,
194522,-,-,0,1945-09-28T00:00:00,1945-10-06T00:00:00,[],1945-10-02T12:00:00,140.7,17.6,强热带风暴(STS),10,28,,,,,,,
194522,-,-,0,1945-09-28T00:00:00,1945-10-06T00:00:00,[],1945-10-02T18:00:00,139.4,18.5,强热带风暴(STS),10,28,,,,,,,
194522,-,-,0,1945-09-28T00:00:00,1945-10-06T00:00:00,[],1945-10-03T00:00:00,138.5,19.5,强热带风暴(STS),10,28,,,,,,,
194522,-,-,0,1945-09-28T00:00:00,1945-10-06T00:00:00,[],1945-10-03T06:00:00,137.3,20.8,强热带风暴(STS),10,28,,,,,,,
194522,-,-,0,1945-09-28T00:00:00,1945-10-06T00:00:00,[],1945-10-03T12:00:00,136.5,22.2,强热带风暴(STS),10,28,,,,,,,
194522,-,-,0,1945-09-28T00:00:00,1945-10-06T00:00:00,[],1945-10-03T18:00:00,135.7,24.0,强热带风暴(STS),10,28,,,,,,,
194522,-,-,0,1945-09-28T00:00:00,1945-10-06T00:00:00,[],1945-10-04T00:00:00,135.5,26.0,强热带风暴(STS),11,30,,,,,,,
194522,-,-,0,1945-09-28T00:00:00,1945-10-06T00:00:00,[],1945-10-04T06:00:00,135.4,28.0,强热带风暴(STS),11,30,,,,,,,
194522,-,-,0,1945-09-28T00:00:00,1945-10-06T00:00:00,[],1945-10-04T12:00:00,135.8,30.0,强热带风暴(STS),11,30,,,,,,,
194522,-,-,0,1945-09-28T00:00:00,1945-10-06T00:00:00,[],1945-10-04T18:00:00,136.2,32.0,强热带风暴(STS),11,30,,,,,,,
194522,-,-,0,1945-09-28T00:00:00,1945-10-06T00:00:00,[],1945-10-05T00:00:00,137.0,34.0,强热带风暴(STS),11,30,,,,,,,
194522,-,-,0,1945-09-28T00:00:00,1945-10-06T00:00:00,[],1945-10-05T06:00:00,138.2,35.8,强热带风暴(STS),10,25,,,,,,,
194522,-,-,0,1945-09-28T00:00:00,1945-10-06T00:00:00,[],1945-10-05T12:00:00,142.0,34.0,热带低压(TD),7,17,,,,,,,
194522,-,-,0,1945-09-28T00:00:00,1945-10-06T00:00:00,[],1945-10-05T18:00:00,145.5,35.0,热带低压(TD),7,15,,,,,,,
194522,-,-,0,1945-09-28T00:00:00,1945-10-06T00:00:00,[],1945-10-06T00:00:00,149.8,36.5,热带低压(TD),6,12,,,,,,,
194523,-,-,0,1945-10-02T00:00:00,1945-10-12T00:00:00,[],1945-10-02T00:00:00,161.0,9.0,热带低压(TD),6,12,,,,,,,
194523,-,-,0,1945-10-02T00:00:00,1945-10-12T00:00:00,[],1945-10-02T06:00:00,159.6,9.3,热带低压(TD),6,12,,,,,,,
194523,-,-,0,1945-10-02T00:00:00,1945-10-12T00:00:00,[],1945-10-02T12:00:00,158.2,9.7,热带低压(TD),6,12,,,,,,,
194523,-,-,0,1945-10-02T00:00:00,1945-10-12T00:00:00,[],1945-10-02T18:00:00,156.8,10.0,热带低压(TD),6,12,,,,,,,
194523,-,-,0,1945-10-02T00:00:00,1945-10-12T00:00:00,[],1945-10-03T00:00:00,155.5,10.5,热带低压(TD),7,15,,,,,,,
194523,-,-,0,1945-10-02T00:00:00,1945-10-12T00:00:00,[],1945-10-03T06:00:00,154.0,11.0,热带低压(TD),7,15,,,,,,,
194523,-,-,0,1945-10-02T00:00:00,1945-10-12T00:00:00,[],1945-10-03T12:00:00,152.7,11.5,热带低压(TD),7,15,,,,,,,
194523,-,-,0,1945-10-02T00:00:00,1945-10-12T00:00:00,[],1945-10-03T18:00:00,151.4,12.0,热带低压(TD),7,17,,,,,,,
194523,-,-,0,1945-10-02T00:00:00,1945-10-12T00:00:00,[],1945-10-04T00:00:00,150.0,12.5,热带低压(TD),7,17,,,,,,,
194523,-,-,0,1945-10-02T00:00:00,1945-10-12T00:00:00,[],1945-10-04T06:00:00,148.0,13.2,热带低压(TD),7,17,,,,,,,
194523,-,-,0,1945-10-02T00:00:00,1945-10-12T00:00:00,[],1945-10-04T12:00:00,146.8,13.7,热带低压(TD),7,17,,,,,,,
194523,-,-,0,1945-10-02T00:00:00,1945-10-12T00:00:00,[],1945-10-04T18:00:00,145.4,14.3,热带风暴(TS),8,20,,,,,,,
194523,-,-,0,1945-10-02T00:00:00,1945-10-12T00:00:00,[],1945-10-05T00:00:00,144.0,15.0,热带风暴(TS),8,20,,,,,,,
194523,-,-,0,1945-10-02T00:00:00,1945-10-12T00:00:00,[],1945-10-05T06:00:00,142.8,15.8,热带风暴(TS),8,20,,,,,,,
194523,-,-,0,1945-10-02T00:00:00,1945-10-12T00:00:00,[],1945-10-05T12:00:00,141.6,16.4,热带风暴(TS),8,20,,,,,,,
194523,-,-,0,1945-10-02T00:00:00,1945-10-12T00:00:00,[],1945-10-05T18:00:00,140.3,17.0,热带风暴(TS),9,23,,,,,,,
194523,-,-,0,1945-10-02T00:00:00,1945-10-12T00:00:00,[],1945-10-06T00:00:00,139.0,17.5,热带风暴(TS),9,23,,,,,,,
194523,-,-,0,1945-10-02T00:00:00,1945-10-12T00:00:00,[],1945-10-06T06:00:00,137.6,18.0,热带风暴(TS),9,23,,,,,,,
194523,-,-,0,1945-10-02T00:00:00,1945-10-12T00:00:00,[],1945-10-06T12:00:00,136.2,18.5,热带风暴(TS),9,23,,,,,,,
194523,-,-,0,1945-10-02T00:00:00,1945-10-12T00:00:00,[],1945-10-06T18:00:00,134.8,19.0,热带风暴(TS),9,23,,,,,,,
194523,-,-,0,1945-10-02T00:00:00,1945-10-12T00:00:00,[],1945-10-07T00:00:00,133.5,19.5,强热带风暴(STS),10,25,,,,,,,
194523,-,-,0,1945-10-02T00:00:00,1945-10-12T00:00:00,[],1945-10-07T06:00:00,132.3,19.9,强热带风暴(STS),10,25,,,,,,,
194523,-,-,0,1945-10-02T00:00:00,1945-10-12T00:00:00,[],1945-10-07T12:00:00,131.2,20.4,强热带风暴(STS),10,28,,,,,,,
194523,-,-,0,1945-10-02T00:00:00,1945-10-12T00:00:00,[],1945-10-07T18:00:00,130.0,21.0,强热带风暴(STS),10,28,,,,,,,
194523,-,-,0,1945-10-02T00:00:00,1945-10-12T00:00:00,[],1945-10-08T00:00:00,129.0,21.5,强热带风暴(STS),11,30,,,,,,,
194523,-,-,0,1945-10-02T00:00:00,1945-10-12T00:00:00,[],1945-10-08T06:00:00,128.5,22.0,强热带风暴(STS),11,30,,,,,,,
194523,-,-,0,1945-10-02T00:00:00,1945-10-12T00:00:00,[],1945-10-08T12:00:00,128.0,22.8,强热带风暴(STS),11,30,,,,,,,
194523,-,-,0,1945-10-02T00:00:00,1945-10-12T00:00:00,[],1945-10-08T18:00:00,127.6,23.5,强热带风暴(STS),11,30,,,,,,,
194523,-,-,0,1945-10-02T00:00:00,1945-10-12T00:00:00,[],1945-10-09T00:00:00,127.5,24.5,台风(TY),12,33,,,,,,,
194523,-,-,0,1945-10-02T00:00:00,1945-10-12T00:00:00,[],1945-10-09T06:00:00,127.5,25.8,台风(TY),12,33,,,,,,,
194523,-,-,0,1945-10-02T00:00:00,1945-10-12T00:00:00,[],1945-10-09T12:00:00,127.6,27.0,台风(TY),12,33,,,,,,,
194523,-,-,0,1945-10-02T00:00:00,1945-10-12T00:00:00,[],1945-10-09T18:00:00,128.0,28.3,台风(TY),12,33,,,,,,,
194523,-,-,0,1945-10-02T00:00:00,1945-10-12T00:00:00,[],1945-10-10T00:00:00,128.5,29.5,强热带风暴(STS),11,30,,,,,,,
194523,-,-,0,1945-10-02T00:00:00,1945-10-12T00:00:00,[],1945-10-10T06:00:00,129.9,30.9,强热带风暴(STS),11,30,,,,,,,
194523,-,-,0,1945-10-02T00:00:00,1945-10-12T00:00:00,[],1945-10-10T12:00:00,131.5,32.0,强热带风暴(STS),10,28,,,,,,,
194523,-,-,0,1945-10-02T00:00:00,1945-10-12T00:00:00,[],1945-10-10T18:00:00,133.0,33.0,强热带风暴(STS),10,28,,,,,,,
194523,-,-,0,1945-10-02T00:00:00,1945-10-12T00:00:00,[],1945-10-11T00:00:00,135.0,34.0,强热带风暴(STS),10,25,,,,,,,
194523,-,-,0,1945-10-02T00:00:00,1945-10-12T00:00:00,[],1945-10-11T06:00:00,136.9,35.1,强热带风暴(STS),10,25,,,,,,,
194523,-,-,0,1945-10-02T00:00:00,1945-10-12T00:00:00,[],1945-10-11T12:00:00,138.0,38.0,热带风暴(TS),8,20,,,,,,,
194523,-,-,0,1945-10-02T00:00:00,1945-10-12T00:00:00,[],1945-10-11T18:00:00,137.5,39.0,热带低压(TD),7,15,,,,,,,
194523,-,-,0,1945-10-02T00:00:00,1945-10-12T00:00:00,[],1945-10-12T00:00:00,137.0,39.5,热带低压(TD),7,15,,,,,,,
194524,-,-,0,1945-11-01T00:00:00,1945-11-04T06:00:00,[],1945-11-01T00:00:00,133.4,13.3,热带低压(TD),7,17,,,,,,,
194524,-,-,0,1945-11-01T00:00:00,1945-11-04T06:00:00,[],1945-11-01T06:00:00,132.7,13.5,热带低压(TD),7,17,,,,,,,
194524,-,-,0,1945-11-01T00:00:00,1945-11-04T06:00:00,[],1945-11-01T12:00:00,132.2,13.7,热带低压(TD),7,17,,,,,,,
194524,-,-,0,1945-11-01T00:00:00,1945-11-04T06:00:00,[],1945-11-01T18:00:00,131.6,13.8,热带低压(TD),7,17,,,,,,,
194524,-,-,0,1945-11-01T00:00:00,1945-11-04T06:00:00,[],1945-11-02T00:00:00,131.2,14.0,热带低压(TD),7,17,,,,,,,
194524,-,-,0,1945-11-01T00:00:00,1945-11-04T06:00:00,[],1945-11-02T06:00:00,130.4,14.3,热带低压(TD),7,17,,,,,,,
194524,-,-,0,1945-11-01T00:00:00,1945-11-04T06:00:00,[],1945-11-02T12:00:00,129.0,14.6,热带风暴(TS),9,23,,,,,,,
194524,-,-,0,1945-11-01T00:00:00,1945-11-04T06:00:00,[],1945-11-02T18:00:00,127.7,14.9,热带风暴(TS),8,20,,,,,,,
194524,-,-,0,1945-11-01T00:00:00,1945-11-04T06:00:00,[],1945-11-03T00:00:00,126.4,15.3,热带风暴(TS),8,20,,,,,,,
194524,-,-,0,1945-11-01T00:00:00,1945-11-04T06:00:00,[],1945-11-03T06:00:00,125.3,15.3,热带风暴(TS),8,20,,,,,,,
194524,-,-,0,1945-11-01T00:00:00,1945-11-04T06:00:00,[],1945-11-03T12:00:00,124.0,15.2,热带风暴(TS),8,20,,,,,,,
194524,-,-,0,1945-11-01T00:00:00,1945-11-04T06:00:00,[],1945-11-03T18:00:00,123.2,15.2,热带风暴(TS),8,20,,,,,,,
194524,-,-,0,1945-11-01T00:00:00,1945-11-04T06:00:00,[],1945-11-04T00:00:00,122.4,15.1,热带风暴(TS),8,20,,,,,,,
194524,-,-,0,1945-11-01T00:00:00,1945-11-04T06:00:00,[],1945-11-04T06:00:00,121.0,15.1,热带低压(TD),7,17,,,,,,,
194525,-,-,0,1945-11-14T12:00:00,1945-11-17T00:00:00,[],1945-11-14T12:00:00,118.8,9.8,热带低压(TD),6,12,,,,,,,
194525,-,-,0,1945-11-14T12:00:00,1945-11-17T00:00:00,[],1945-11-14T18:00:00,117.9,10.2,热带低压(TD),6,12,,,,,,,
194525,-,-,0,1945-11-14T12:00:00,1945-11-17T00:00:00,[],1945-11-15T00:00:00,117.0,10.6,热带低压(TD),7,15,,,,,,,
194525,-,-,0,1945-11-14T12:00:00,1945-11-17T00:00:00,[],1945-11-15T06:00:00,116.1,10.9,热带低压(TD),7,15,,,,,,,
194525,-,-,0,1945-11-14T12:00:00,1945-11-17T00:00:00,[],1945-11-15T12:00:00,115.3,11.3,热带低压(TD),7,17,,,,,,,
194525,-,-,0,1945-11-14T12:00:00,1945-11-17T00:00:00,[],1945-11-15T18:00:00,114.3,12.0,热带低压(TD),7,17,,,,,,,
194525,-,-,0,1945-11-14T12:00:00,1945-11-17T00:00:00,[],1945-11-16T00:00:00,113.6,12.4,热带低压(TD),7,17,,,,,,,
194525,-,-,0,1945-11-14T12:00:00,1945-11-17T00:00:00,[],1945-11-16T06:00:00,112.8,12.7,热带风暴(TS),8,20,,,,,,,
194525,-,-,0,1945-11-14T12:00:00,1945-11-17T00:00:00,[],1945-11-16T12:00:00,111.4,13.0,热带风暴(TS),8,20,,,,,,,
194525,-,-,0,1945-11-14T12:00:00,1945-11-17T00:00:00,[],1945-11-16T18:00:00,110.4,13.4,热带风暴(TS),8,20,,,,,,,
194525,-,-,0,1945-11-14T12:00:00,1945-11-17T00:00:00,[],1945-11-17T00:00:00,109.2,13.4,热带低压(TD),7,17,,,,,,,
194526,-,-,0,1945-11-22T00:00:00,1945-11-29T06:00:00,[],1945-11-22T00:00:00,138.6,10.0,热带低压(TD),7,15,,,,,,,
194526,-,-,0,1945-11-22T00:00:00,1945-11-29T06:00:00,[],1945-11-22T06:00:00,137.3,10.2,热带低压(TD),7,15,,,,,,,
194526,-,-,0,1945-11-22T00:00:00,1945-11-29T06:00:00,[],1945-11-22T12:00:00,136.2,10.5,热带低压(TD),7,15,,,,,,,
194526,-,-,0,1945-11-22T00:00:00,1945-11-29T06:00:00,[],1945-11-22T18:00:00,135.0,10.8,热带风暴(TS),8,20,,,,,,,
194526,-,-,0,1945-11-22T00:00:00,1945-11-29T06:00:00,[],1945-11-23T00:00:00,133.8,11.2,热带风暴(TS),8,20,,,,,,,
194526,-,-,0,1945-11-22T00:00:00,1945-11-29T06:00:00,[],1945-11-23T06:00:00,132.0,11.6,强热带风暴(STS),10,25,,,,,,,
194526,-,-,0,1945-11-22T00:00:00,1945-11-29T06:00:00,[],1945-11-23T12:00:00,131.0,12.1,强热带风暴(STS),10,25,,,,,,,
194526,-,-,0,1945-11-22T00:00:00,1945-11-29T06:00:00,[],1945-11-23T18:00:00,130.0,12.6,强热带风暴(STS),10,25,,,,,,,
194526,-,-,0,1945-11-22T00:00:00,1945-11-29T06:00:00,[],1945-11-24T00:00:00,129.0,13.1,强热带风暴(STS),10,25,,,,,,,
194526,-,-,0,1945-11-22T00:00:00,1945-11-29T06:00:00,[],1945-11-24T06:00:00,128.1,13.7,台风(TY),12,33,,,,,,,
194526,-,-,0,1945-11-22T00:00:00,1945-11-29T06:00:00,[],1945-11-24T12:00:00,127.7,13.9,台风(TY),12,35,,,,,,,
194526,-,-,0,1945-11-22T00:00:00,1945-11-29T06:00:00,[],1945-11-24T18:00:00,127.5,14.2,台风(TY),12,35,,,,,,,
194526,-,-,0,1945-11-22T00:00:00,1945-11-29T06:00:00,[],1945-11-25T00:00:00,127.2,14.6,台风(TY),12,35,,,,,,,
194526,-,-,0,1945-11-22T00:00:00,1945-11-29T06:00:00,[],1945-11-25T06:00:00,127.1,15.0,台风(TY),12,33,,,,,,,
194526,-,-,0,1945-11-22T00:00:00,1945-11-29T06:00:00,[],1945-11-25T12:00:00,127.5,15.5,台风(TY),12,33,,,,,,,
194526,-,-,0,1945-11-22T00:00:00,1945-11-29T06:00:00,[],1945-11-25T18:00:00,128.1,15.9,台风(TY),12,33,,,,,,,
194526,-,-,0,1945-11-22T00:00:00,1945-11-29T06:00:00,[],1945-11-26T00:00:00,128.8,16.2,台风(TY),12,33,,,,,,,
194526,-,-,0,1945-11-22T00:00:00,1945-11-29T06:00:00,[],1945-11-26T06:00:00,129.3,16.3,台风(TY),12,35,,,,,,,
194526,-,-,0,1945-11-22T00:00:00,1945-11-29T06:00:00,[],1945-11-26T12:00:00,130.5,16.6,台风(TY),12,35,,,,,,,
194526,-,-,0,1945-11-22T00:00:00,1945-11-29T06:00:00,[],1945-11-26T18:00:00,131.4,16.8,台风(TY),12,35,,,,,,,
194526,-,-,0,1945-11-22T00:00:00,1945-11-29T06:00:00,[],1945-11-27T00:00:00,132.3,17.1,台风(TY),12,35,,,,,,,
194526,-,-,0,1945-11-22T00:00:00,1945-11-29T06:00:00,[],1945-11-27T06:00:00,133.0,17.3,台风(TY),13,41,,,,,,,
194526,-,-,0,1945-11-22T00:00:00,1945-11-29T06:00:00,[],1945-11-27T12:00:00,134.0,17.7,台风(TY),13,41,,,,,,,
194526,-,-,0,1945-11-22T00:00:00,1945-11-29T06:00:00,[],1945-11-27T18:00:00,134.9,18.1,台风(TY),13,41,,,,,,,
194526,-,-,0,1945-11-22T00:00:00,1945-11-29T06:00:00,[],1945-11-28T00:00:00,135.8,18.4,台风(TY),13,41,,,,,,,
194526,-,-,0,1945-11-22T00:00:00,1945-11-29T06:00:00,[],1945-11-28T06:00:00,136.8,18.9,台风(TY),12,33,,,,,,,
194526,-,-,0,1945-11-22T00:00:00,1945-11-29T06:00:00,[],1945-11-28T12:00:00,137.7,19.4,台风(TY),12,33,,,,,,,
194526,-,-,0,1945-11-22T00:00:00,1945-11-29T06:00:00,[],1945-11-28T18:00:00,138.7,19.8,台风(TY),12,33,,,,,,,
194526,-,-,0,1945-11-22T00:00:00,1945-11-29T06:00:00,[],1945-11-29T00:00:00,139.5,20.3,台风(TY),12,33,,,,,,,
194526,-,-,0,1945-11-22T00:00:00,1945-11-29T06:00:00,[],1945-11-29T06:00:00,140.3,20.7,热带低压(TD),7,17,,,,,,,
